Region,Status,Population,SNP,Family,Age_SD,Ageatmaturity,Length_SD,Finallength,Growth_SD,growthrate3mm,inverseloggrowth,inversesqrtage,Familymeans_age,Familymeans_length,Familymeans_growth
 , , , , , , , , , , , , , , , 
South,Native,AlexIsoetes, ,AI1, , , , , , , , ,273,4.735,.0200025
South,Native,AlexIsoetes, ,AI1, , , , , , , , ,273,4.735,.0200025
South,Native,AlexIsoetes, ,AI1, ,201, ,4.351, ,.028302,-.280518851728233,.0705345615858598,273,4.735,.0200025
South,Native,AlexIsoetes, ,AI1, ,215, , , ,.022388,-.26321121731529,.0681994339470473,273,4.735,.0200025
South,Native,AlexIsoetes, ,AI1, ,220, ,5.074, ,.020548,-.25740080954473,.0674199862463242,273,4.735,.0200025
South,Native,AlexIsoetes, ,AI1, ,313, ,4.629, , , ,.0565233418944222,273,4.735,.0200025
South,Native,AlexIsoetes, ,AI1, ,416, ,4.886, ,.008772,-.211140158084696,.049029033784546,273,4.735,.0200025
South,Native,AlexIsoetes, ,AI10, , , , , ,.012097,-.226510940554876, ,350,5.586,.013985
South,Native,AlexIsoetes, ,AI10, , , , , , , , ,350,5.586,.013985
South,Native,AlexIsoetes, ,AI10, , , , , , , , ,350,5.586,.013985
South,Native,AlexIsoetes, ,AI10, , , , , , , , ,350,5.586,.013985
South,Native,AlexIsoetes, ,AI10, , , , , , , , ,350,5.586,.013985
South,Native,AlexIsoetes, ,AI10, , , , , , , , ,350,5.586,.013985
South,Native,AlexIsoetes, ,AI10, , , , , , , , ,350,5.586,.013985
South,Native,AlexIsoetes, ,AI10, , , , , , , , ,350,5.586,.013985
South,Native,AlexIsoetes, ,AI10, ,350, ,5.586, ,.015873,-.241363080053096,.0534522483824849,350,5.586,.013985
South,Native,AlexIsoetes, ,AI12, , , , , ,.022388,-.26321121731529, ,166,5.092,.0189272
South,Native,AlexIsoetes, ,AI12, , , , , ,.020548,-.25740080954473, ,166,5.092,.0189272
South,Native,AlexIsoetes, ,AI12, , , , , , , , ,166,5.092,.0189272
South,Native,AlexIsoetes, ,AI12, , , , , ,.008772,-.211140158084696, ,166,5.092,.0189272
South,Native,AlexIsoetes, ,AI12, , , , , ,.012,-.226098626437099, ,166,5.092,.0189272
South,Native,AlexIsoetes, ,AI12, , , , , , , , ,166,5.092,.0189272
South,Native,AlexIsoetes, ,AI12, , , , , , , , ,166,5.092,.0189272
South,Native,AlexIsoetes, ,AI12, ,166, ,5.092, ,.030928,-.287679270214488,.0776150525706333,166,5.092,.0189272
South,Native,AlexIsoetes, ,AI17, , , , , , , , ,430,6.033,.012448
South,Native,AlexIsoetes, ,AI17, , , , , , , , ,430,6.033,.012448
South,Native,AlexIsoetes, ,AI17, , , , , , , , ,430,6.033,.012448
South,Native,AlexIsoetes, ,AI17, , , , , , , , ,430,6.033,.012448
South,Native,AlexIsoetes, ,AI17, , , , , , , , ,430,6.033,.012448
South,Native,AlexIsoetes, ,AI17, ,430, ,6.033, ,.012448,-.227988023553723,.0482242822170412,430,6.033,.012448
South,Native,AlexIsoetes, ,AI18, , , , , , , , ,298,5.11933333333333,.0220086666666667
South,Native,AlexIsoetes, ,AI18, , , , , , , , ,298,5.11933333333333,.0220086666666667
South,Native,AlexIsoetes, ,AI18, , , , , , , , ,298,5.11933333333333,.0220086666666667
South,Native,AlexIsoetes, ,AI18, ,250, ,5.37, ,.032609,-.292127148082198,.0632455532033676,298,5.11933333333333,.0220086666666667
South,Native,AlexIsoetes, ,AI18, ,315, ,5.202, ,.022388,-.26321121731529,.0563436169819011,298,5.11933333333333,.0220086666666667
South,Native,AlexIsoetes, ,AI18, ,329, ,4.786, ,.011029,-.221865900081551,.0551317846419971,298,5.11933333333333,.0220086666666667
South,Native,AlexIsoetes, ,AI19, , , , , , , , ,297.5,4.39275,.0190805
South,Native,AlexIsoetes, ,AI19, , , , , , , , ,297.5,4.39275,.0190805
South,Native,AlexIsoetes, ,AI19, , , , , ,.013216,-.231142950041015, ,297.5,4.39275,.0190805
South,Native,AlexIsoetes, ,AI19, , , , , , , , ,297.5,4.39275,.0190805
South,Native,AlexIsoetes, ,AI19, , , , , ,.023077,-.26532808094694, ,297.5,4.39275,.0190805
South,Native,AlexIsoetes, ,AI19, ,184, ,4.603, ,.032609,-.292127148082198,.0737209780774486,297.5,4.39275,.0190805
South,Native,AlexIsoetes, ,AI19, ,243, ,4.995, ,.019608,-.25433529563246,.0641500299099584,297.5,4.39275,.0190805
South,Native,AlexIsoetes, ,AI19, ,270, ,4.014, ,.019108,-.252675314642837,.0608580619450185,297.5,4.39275,.0190805
South,Native,AlexIsoetes, ,AI19, ,493, ,3.959, ,.006865,-.200750032645516,.0450377349111045,297.5,4.39275,.0190805
South,Native,AlexIsoetes, ,AI3, , , , , ,.012,-.226098626437099, , , ,.0141965
South,Native,AlexIsoetes, ,AI3, , , , , , , , , , ,.0141965
South,Native,AlexIsoetes, ,AI3, , , , , , , , , , ,.0141965
South,Native,AlexIsoetes, ,AI3, , , , , ,.016393,-.243255683596357, , , ,.0141965
South,Native,AlexIsoetes, ,AI3, , , , , , , , , , ,.0141965
South,Native,AlexIsoetes, ,AI3, , , , , , , , , , ,.0141965
South,Native,AlexIsoetes, ,AI3, , , , , , , , , , ,.0141965
South,Native,AlexIsoetes, ,AI3, , , , , , , , , , ,.0141965
South,Native,AlexIsoetes, ,AI4, , , , , , , , ,380.666666666667,4.70766666666667,.0115823333333333
South,Native,AlexIsoetes, ,AI4, , , , , , , , ,380.666666666667,4.70766666666667,.0115823333333333
South,Native,AlexIsoetes, ,AI4, , , , , , , , ,380.666666666667,4.70766666666667,.0115823333333333
South,Native,AlexIsoetes, ,AI4, , , , , , , , ,380.666666666667,4.70766666666667,.0115823333333333
South,Native,AlexIsoetes, ,AI4, , , , , , , , ,380.666666666667,4.70766666666667,.0115823333333333
South,Native,AlexIsoetes, ,AI4, ,257, ,4.249, ,.017751,-.248058112623252,.0623782861551805,380.666666666667,4.70766666666667,.0115823333333333
South,Native,AlexIsoetes, ,AI4, ,359, ,4.539, ,.010417,-.219090868804652,.052777981396926,380.666666666667,4.70766666666667,.0115823333333333
South,Native,AlexIsoetes, ,AI4, ,526, ,5.335, ,.006579,-.199049636678516,.0436020720196947,380.666666666667,4.70766666666667,.0115823333333333
South,Native,AlexIsoetes, ,AI6, , , , , , , , ,262,4.735,.01737275
South,Native,AlexIsoetes, ,AI6, , , , , , , , ,262,4.735,.01737275
South,Native,AlexIsoetes, ,AI6, , , , , ,.013216,-.231142950041015, ,262,4.735,.01737275
South,Native,AlexIsoetes, ,AI6, , , , , , , , ,262,4.735,.01737275
South,Native,AlexIsoetes, ,AI6, ,212, ,3.998, ,.023077,-.26532808094694,.0686802819743445,262,4.735,.01737275
South,Native,AlexIsoetes, ,AI6, ,241, ,4.957, ,.015957,-.241670951166251,.0644156626400831,262,4.735,.01737275
South,Native,AlexIsoetes, ,AI6, ,285, ,5.308, ,.017241,-.246277211438359,.0592348877759092,262,4.735,.01737275
South,Native,AlexIsoetes, ,AI6, ,310, ,4.677, , , ,.0567961834247065,262,4.735,.01737275
South,Native,AlexIsoetes, ,AI7, , , , , , , , ,380,5.076,.021583
South,Native,AlexIsoetes, ,AI7, , , , , , , , ,380,5.076,.021583
South,Native,AlexIsoetes, ,AI7, ,380, ,5.076, ,.021583,-.260698457856203,.0512989176042577,380,5.076,.021583
South,Native,AlexShallow, ,AS21, ,163, ,4.413, ,.0375,-.304561013207634,.0783260449987957,271.666666666667,4.65977777777778,.0223154
South,Native,AlexShallow, ,AS21, ,221, ,4.875, ,.02459,-.269875273325427,.0672672793996312,271.666666666667,4.65977777777778,.0223154
South,Native,AlexShallow, ,AS21, ,226, ,4.566, ,.02459,-.269875273325427,.0665190105237739,271.666666666667,4.65977777777778,.0223154
South,Native,AlexShallow, ,AS21, ,231, ,4.651, , , ,.0657951694959769,271.666666666667,4.65977777777778,.0223154
South,Native,AlexShallow, ,AS21, ,235, ,3.969, , , ,.0652328073053442,271.666666666667,4.65977777777778,.0223154
South,Native,AlexShallow, ,AS21, ,242, ,4.851, ,.017544,-.247338436357542,.0642824346533225,271.666666666667,4.65977777777778,.0223154
South,Native,AlexShallow, ,AS21, ,332, ,5.239, , , ,.0548821299948452,271.666666666667,4.65977777777778,.0223154
South,Native,AlexShallow, ,AS21, ,345, ,4.496, , , ,.0538381902058166,271.666666666667,4.65977777777778,.0223154
South,Native,AlexShallow, ,AS21, ,450, ,4.878, ,.007353,-.203556254551289,.0471404520791032,271.666666666667,4.65977777777778,.0223154
South,Native,AlexShallow, ,AS26, , , , , , , , ,170.8,4.85066666666667,.0256916
South,Native,AlexShallow, ,AS26, , , , , ,.015873,-.241363080053096, ,170.8,4.85066666666667,.0256916
South,Native,AlexShallow, ,AS26, , , , , , , , ,170.8,4.85066666666667,.0256916
South,Native,AlexShallow, ,AS26, ,117, ,5.083, ,.031915,-.290302798452911,.0924500327042048,170.8,4.85066666666667,.0256916
South,Native,AlexShallow, ,AS26, ,135, ,5.197, ,.02459,-.269875273325427,.086066296582387,170.8,4.85066666666667,.0256916
South,Native,AlexShallow, ,AS26, ,180, , , ,.028302,-.280518851728233,.074535599249993,170.8,4.85066666666667,.0256916
South,Native,AlexShallow, ,AS26, ,205, , , ,.027778,-.279055936249465,.0698430295769578,170.8,4.85066666666667,.0256916
South,Native,AlexShallow, ,AS26, ,217, ,4.272, , , ,.0678844233302131,170.8,4.85066666666667,.0256916
South,Native,AlexShallow, ,AS27, , , , , , , , ,260,5.23225,.0202682
South,Native,AlexShallow, ,AS27, , , , , ,.030928,-.287679270214488, ,260,5.23225,.0202682
South,Native,AlexShallow, ,AS27, , , , , ,.015707,-.240752178789477, ,260,5.23225,.0202682
South,Native,AlexShallow, ,AS27, , , , , , , , ,260,5.23225,.0202682
South,Native,AlexShallow, ,AS27, ,154, ,5.14, , , ,.080582296402538,260,5.23225,.0202682
South,Native,AlexShallow, ,AS27, ,242, ,5.147, ,.02,-.255622218635332,.0642824346533225,260,5.23225,.0202682
South,Native,AlexShallow, ,AS27, ,308, ,5.282, ,.023256,-.265873151179647,.056980288229819,260,5.23225,.0202682
South,Native,AlexShallow, ,AS27, ,336, ,5.36, ,.01145,-.223725380904548,.0545544725589981,260,5.23225,.0202682
South,Native,AlexShallow, ,AS32, , , , , , , , ,237,5.4584,.03046675
South,Native,AlexShallow, ,AS32, , , , , , , , ,237,5.4584,.03046675
South,Native,AlexShallow, ,AS32, ,159, ,5.6, ,.043478,-.318928378608938,.0793051585718144,237,5.4584,.03046675
South,Native,AlexShallow, ,AS32, ,187, ,5.264, ,.028302,-.280518851728233,.0731272424127131,237,5.4584,.03046675
South,Native,AlexShallow, ,AS32, ,252, , , ,.026087,-.274249243359107,.0629940788348712,237,5.4584,.03046675
South,Native,AlexShallow, ,AS32, ,259, ,5.992, ,.024,-.268117975063714,.06213697660012,237,5.4584,.03046675
South,Native,AlexShallow, ,AS32, ,271, ,5.259, , , ,.0607456739230787,237,5.4584,.03046675
South,Native,AlexShallow, ,AS32, ,294, ,5.177, , , ,.0583211843519804,237,5.4584,.03046675
South,Native,AlexShallow, ,AS35, , , , , , , , ,184, ,.0194596
South,Native,AlexShallow, ,AS35, , , , , , , , ,184, ,.0194596
South,Native,AlexShallow, ,AS35, , , , , , , , ,184, ,.0194596
South,Native,AlexShallow, ,AS35, , , , , ,.032609,-.292127148082198, ,184, ,.0194596
South,Native,AlexShallow, ,AS35, , , , , ,.019608,-.25433529563246, ,184, ,.0194596
South,Native,AlexShallow, ,AS35, , , , , ,.019108,-.252675314642837, ,184, ,.0194596
South,Native,AlexShallow, ,AS35, , , , , ,.006865,-.200750032645516, ,184, ,.0194596
South,Native,AlexShallow, ,AS35, ,184, , , ,.019108,-.252675314642837,.0737209780774486,184, ,.0194596
South,Native,AlexShallow, ,AS36, , , , , ,.02459,-.269875273325427, ,282,4.9795,.02540775
South,Native,AlexShallow, ,AS36, , , , , ,.02459,-.269875273325427, ,282,4.9795,.02540775
South,Native,AlexShallow, ,AS36, , , , , , , , ,282,4.9795,.02540775
South,Native,AlexShallow, ,AS36, , , , , , , , ,282,4.9795,.02540775
South,Native,AlexShallow, ,AS36, ,185, ,5.085, ,.027027,-.276937816714244,.0735214622093808,282,4.9795,.02540775
South,Native,AlexShallow, ,AS36, ,379, ,4.874, ,.025424,-.272326581111365,.0513665496937514,282,4.9795,.02540775
South,Native,AlexShallow, ,AS39, , , , , , , , ,204.25,5.2305,.0249456666666667
South,Native,AlexShallow, ,AS39, ,144, ,5.94, ,.007353,-.203556254551289,.0833333333333333,204.25,5.2305,.0249456666666667
South,Native,AlexShallow, ,AS39, ,154, ,5.512, ,.035294,-.299039279393322,.080582296402538,204.25,5.2305,.0249456666666667
South,Native,AlexShallow, ,AS39, ,156, , , , , ,.0800640769025436,204.25,5.2305,.0249456666666667
South,Native,AlexShallow, ,AS39, ,196, ,5.627, , , ,.0714285714285714,204.25,5.2305,.0249456666666667
South,Native,AlexShallow, ,AS39, ,200, ,4.07, ,.031915,-.290302798452911,.0707106781186548,204.25,5.2305,.0249456666666667
South,Native,AlexShallow, ,AS39, ,213, , , ,.02459,-.269875273325427,.0685188709827532,204.25,5.2305,.0249456666666667
South,Native,AlexShallow, ,AS39, ,275, ,6.113, ,.035294,-.299039279393322,.0603022689155527,204.25,5.2305,.0249456666666667
South,Native,AlexShallow, ,AS39, ,296, ,4.121, ,.015228,-.238970356618528,.0581238193719096,204.25,5.2305,.0249456666666667
South,Native,Clearwater01, ,CW1-146, , , , , , , , ,261.5,3.85,.0183914285714286
South,Native,Clearwater01, ,CW1-146, , , , , , , , ,261.5,3.85,.0183914285714286
South,Native,Clearwater01, ,CW1-146, , , , , , , , ,261.5,3.85,.0183914285714286
South,Native,Clearwater01, ,CW1-146, , , , , ,.015707,-.240752178789477, ,261.5,3.85,.0183914285714286
South,Native,Clearwater01, ,CW1-146, , , , , , , , ,261.5,3.85,.0183914285714286
South,Native,Clearwater01, ,CW1-146, , , , , , , , ,261.5,3.85,.0183914285714286
South,Native,Clearwater01, ,CW1-146, , , , , ,.02,-.255622218635332, ,261.5,3.85,.0183914285714286
South,Native,Clearwater01, ,CW1-146, , , , , ,.023256,-.265873151179647, ,261.5,3.85,.0183914285714286
South,Native,Clearwater01, ,CW1-146, ,177, , , ,.021898,-.261686940699562,.0751646028002829,261.5,3.85,.0183914285714286
South,Native,Clearwater01, ,CW1-146, ,183, ,4.321, ,.025,-.271085030681817,.0739221270954573,261.5,3.85,.0183914285714286
South,Native,Clearwater01, ,CW1-146, ,248, ,3.403, ,.015544,-.24014905185727,.0635000635000953,261.5,3.85,.0183914285714286
South,Native,Clearwater01, ,CW1-146, ,438, ,3.826, ,.007335,-.203454748405974,.0477818482567497,261.5,3.85,.0183914285714286
South,Native,Clearwater04, ,CW1-147, , , , , ,.028302,-.280518851728233, ,241.142857142857,5.136,.024530625
South,Native,Clearwater04, ,CW1-147, ,158, ,5.211, ,.029703,-.284373082468926,.079555728417573,241.142857142857,5.136,.024530625
South,Native,Clearwater04, ,CW1-147, ,175, ,5.634, ,.031915,-.290302798452911,.0755928946018454,241.142857142857,5.136,.024530625
South,Native,Clearwater04, ,CW1-147, ,186, ,5.35, ,.02459,-.269875273325427,.0733235575106767,241.142857142857,5.136,.024530625
South,Native,Clearwater04, ,CW1-147, ,236, , , ,.024,-.268117975063714,.0650944554904119,241.142857142857,5.136,.024530625
South,Native,Clearwater04, ,CW1-147, ,252, ,5.335, ,.019608,-.25433529563246,.0629940788348712,241.142857142857,5.136,.024530625
South,Native,Clearwater04, ,CW1-147, ,315, ,4.712, ,.018519,-.250692032415978,.0563436169819011,241.142857142857,5.136,.024530625
South,Native,Clearwater04, ,CW1-147, ,366, ,4.574, ,.019608,-.25433529563246,.0522708373489317,241.142857142857,5.136,.024530625
Invasive,Invasive,Gb,1,Gb4,37.339,179,.40857,5.21,.005571,.01700934579,-.245459470246138,.0747435092751936,210.4,5.014,.020237334556
Invasive,Invasive,Gb,1,Gb4,37.339,268,.40857,5.55,.005571,.01401162791,-.234309042237357,.0610847221781526,210.4,5.014,.020237334556
Invasive,Invasive,Gb,1,Gb4,37.339,213,.40857,4.89,.005571,.01471698113,-.237036853139048,.0685188709827532,210.4,5.014,.020237334556
Invasive,Invasive,Gb,1,Gb4,37.339,215,.40857,4.25,.005571,.02794871795,-.279533875597548,.0681994339470473,210.4,5.014,.020237334556
Invasive,Invasive,Gb,1,Gb4,37.339,177,.40857,5.17,.005571,.0275,-.278274863698604,.0751646028002829,210.4,5.014,.020237334556
Invasive,Invasive,Gb,1,Gb5,37.339,161,.40857,4.34,.005571,.01327102804,-.231365158221637,.0788110406239101,166.25,4.7825,.016915780166
Invasive,Invasive,Gb,1,Gb5,37.339,191,.40857,5.01,.005571,.02337349398,-.266229862653289,.0723574605292422,166.25,4.7825,.016915780166
Invasive,Invasive,Gb,1,Gb5,37.339,140,.40857,4.9,.005571,.01714285714,-.24593145235905,.0845154254728517,166.25,4.7825,.016915780166
Invasive,Invasive,Gb,1,Gb5,37.339, ,.40857, ,.005571,.01568807339,-.240682314413547, ,166.25,4.7825,.016915780166
Invasive,Invasive,Gb,1,Gb5,37.339,173,.40857,4.88,.005571,.01510344828,-.238502270708834,.0760285921269706,166.25,4.7825,.016915780166
South,Native,Grasmere, ,GR41, , , , , ,.01875,-.251473538965618, ,315.6,5.7,.0203888571428571
South,Native,Grasmere, ,GR41, , , , , ,.031915,-.290302798452911, ,315.6,5.7,.0203888571428571
South,Native,Grasmere, ,GR41, , , , , , , , ,315.6,5.7,.0203888571428571
South,Native,Grasmere, ,GR41, ,216, ,5.963, ,.024793,-.270475398540731,.0680413817439772,315.6,5.7,.0203888571428571
South,Native,Grasmere, ,GR41, ,216, ,6.094, ,.023256,-.265873151179647,.0680413817439772,315.6,5.7,.0203888571428571
South,Native,Grasmere, ,GR41, ,358, ,5.875, ,.014706,-.236994921167006,.052851642258169,315.6,5.7,.0203888571428571
South,Native,Grasmere, ,GR41, ,380, ,4.867, ,.012448,-.227988023553723,.0512989176042577,315.6,5.7,.0203888571428571
South,Native,Grasmere, ,GR41, ,408, ,5.701, ,.016854,-.244907919740794,.0495073771488337,315.6,5.7,.0203888571428571
South,Native,Grasmere, ,GR44, ,176, ,5.808, , , ,.0753778361444409,254.888888888889,6.19,.028864
South,Native,Grasmere, ,GR44, ,206, ,5.95, ,.017751,-.248058112623252,.0696733014291618,254.888888888889,6.19,.028864
South,Native,Grasmere, ,GR44, ,214, , , ,.025424,-.272326581111365,.0683585927024663,254.888888888889,6.19,.028864
South,Native,Grasmere, ,GR44, ,228, ,6.015, , , ,.0662266178532522,254.888888888889,6.19,.028864
South,Native,Grasmere, ,GR44, ,235, ,6.51, , , ,.0652328073053442,254.888888888889,6.19,.028864
South,Native,Grasmere, ,GR44, ,239, ,6.186, ,.039474,-.309395118307953,.0646846227353151,254.888888888889,6.19,.028864
South,Native,Grasmere, ,GR44, ,280, ,6.232, ,.016216,-.242614989573767,.0597614304667197,254.888888888889,6.19,.028864
South,Native,Grasmere, ,GR44, ,282, ,5.887, ,.045455,-.32351649976931,.0595491334175414,254.888888888889,6.19,.028864
South,Native,Grasmere, ,GR44, ,434, ,6.932, , , ,.0480015360737319,254.888888888889,6.19,.028864
South,Native,Grasmere, ,GR45, , , , , , , , ,583,5.208,.019088
South,Native,Grasmere, ,GR45, , , , , ,.035294,-.299039279393322, ,583,5.208,.019088
South,Native,Grasmere, ,GR45, , , , , ,.015228,-.238970356618528, ,583,5.208,.019088
South,Native,Grasmere, ,GR45, , , , , , , , ,583,5.208,.019088
South,Native,Grasmere, ,GR45, , , , , , , , ,583,5.208,.019088
South,Native,Grasmere, ,GR45, , , , , , , , ,583,5.208,.019088
South,Native,Grasmere, ,GR45, , , , , , , , ,583,5.208,.019088
South,Native,Grasmere, ,GR45, ,583, ,5.208, ,.006742,-.200024056406395,.0414157683281291,583,5.208,.019088
South,Native,Grasmere, ,GR48, , , , , , , , ,347,4.48866666666667,.0219056
South,Native,Grasmere, ,GR48, , , , , , , , ,347,4.48866666666667,.0219056
South,Native,Grasmere, ,GR48, , , , , , , , ,347,4.48866666666667,.0219056
South,Native,Grasmere, ,GR48, , , , , ,.021898,-.261686940699562, ,347,4.48866666666667,.0219056
South,Native,Grasmere, ,GR48, , , , , ,.025,-.271085030681817, ,347,4.48866666666667,.0219056
South,Native,Grasmere, ,GR48, ,270, ,4.61, ,.018293,-.249922723520692,.0608580619450185,347,4.48866666666667,.0219056
South,Native,Grasmere, ,GR48, ,297, ,4.355, ,.014634,-.236719576627046,.0580258853185659,347,4.48866666666667,.0219056
South,Native,Grasmere, ,GR48, ,364, ,4.501, , , ,.0524142418360959,347,4.48866666666667,.0219056
South,Native,Grasmere, ,GR48, ,457, , , ,.029703,-.284373082468926,.0467780269724988,347,4.48866666666667,.0219056
South,Native,Grasmere, ,GR49, , , , , ,.031915,-.290302798452911, ,250.25,5.02666666666667,.020665125
South,Native,Grasmere, ,GR49, , , , , ,.02459,-.269875273325427, ,250.25,5.02666666666667,.020665125
South,Native,Grasmere, ,GR49, , , , , ,.024,-.268117975063714, ,250.25,5.02666666666667,.020665125
South,Native,Grasmere, ,GR49, , , , , ,.019608,-.25433529563246, ,250.25,5.02666666666667,.020665125
South,Native,Grasmere, ,GR49, ,206, , , ,.018519,-.250692032415978,.0696733014291618,250.25,5.02666666666667,.020665125
South,Native,Grasmere, ,GR49, ,220, ,5.079, ,.01875,-.251473538965618,.0674199862463242,250.25,5.02666666666667,.020665125
South,Native,Grasmere, ,GR49, ,227, ,5.37, ,.016575,-.243910782979656,.0663723311599972,250.25,5.02666666666667,.020665125
South,Native,Grasmere, ,GR49, ,348, ,4.631, ,.011364,-.223348653112015,.0536056267418897,250.25,5.02666666666667,.020665125
South,Native,Grasmere, ,GR50, , , , , , , , ,308,4.728,.018075
South,Native,Grasmere, ,GR50, , , , , ,.024793,-.270475398540731, ,308,4.728,.018075
South,Native,Grasmere, ,GR50, , , , , ,.023256,-.265873151179647, ,308,4.728,.018075
South,Native,Grasmere, ,GR50, , , , , ,.014706,-.236994921167006, ,308,4.728,.018075
South,Native,Grasmere, ,GR50, , , , , ,.012448,-.227988023553723, ,308,4.728,.018075
South,Native,Grasmere, ,GR50, ,273, ,4.592, ,.016393,-.243255683596357,.0605227532668803,308,4.728,.018075
South,Native,Grasmere, ,GR50, ,343, ,4.864, ,.016854,-.244907919740794,.0539949247156039,308,4.728,.018075
South,Native,Grasmere, ,GR51, , , , , ,.017751,-.248058112623252, ,250.25,4.879,.0252256
South,Native,Grasmere, ,GR51, , , , , , , , ,250.25,4.879,.0252256
South,Native,Grasmere, ,GR51, , , , , , , , ,250.25,4.879,.0252256
South,Native,Grasmere, ,GR51, , , , , , , , ,250.25,4.879,.0252256
South,Native,Grasmere, ,GR51, ,163, ,4.962, ,.026549,-.275575987125707,.0783260449987957,250.25,4.879,.0252256
South,Native,Grasmere, ,GR51, ,203, ,4.686, ,.027027,-.276937816714244,.0701862406343596,250.25,4.879,.0252256
South,Native,Grasmere, ,GR51, ,243, ,5.494, ,.045455,-.32351649976931,.0641500299099584,250.25,4.879,.0252256
South,Native,Grasmere, ,GR51, ,392, ,4.374, ,.009346,-.214004138277924,.0505076272276105,250.25,4.879,.0252256
South,Native,Grasmere, ,GR54, , , , , , , , ,249,5.06066666666667,.0222276
South,Native,Grasmere, ,GR54, , , , , , , , ,249,5.06066666666667,.0222276
South,Native,Grasmere, ,GR54, ,135, ,5.468, , , ,.086066296582387,249,5.06066666666667,.0222276
South,Native,Grasmere, ,GR54, ,205, ,4.591, ,.03,-.285179948337453,.0698430295769578,249,5.06066666666667,.0222276
South,Native,Grasmere, ,GR54, ,257, ,4.92, ,.03,-.285179948337453,.0623782861551805,249,5.06066666666667,.0222276
South,Native,Grasmere, ,GR54, ,258, ,4.967, ,.024793,-.270475398540731,.062257280636469,249,5.06066666666667,.0222276
South,Native,Grasmere, ,GR54, ,281, ,5.24, ,.015707,-.240752178789477,.0596549986271894,249,5.06066666666667,.0222276
South,Native,Grasmere, ,GR54, ,358, ,5.178, ,.010638,-.220103225730768,.052851642258169,249,5.06066666666667,.0222276
South,Native,Grasmere, ,GR55, , , , , , , , ,318.5,5.8455,.02405625
South,Native,Grasmere, ,GR55, , , , , , , , ,318.5,5.8455,.02405625
South,Native,Grasmere, ,GR55, , , , , , , , ,318.5,5.8455,.02405625
South,Native,Grasmere, ,GR55, , , , , , , , ,318.5,5.8455,.02405625
South,Native,Grasmere, ,GR55, ,221, ,5.796, ,.016854,-.244907919740794,.0672672793996312,318.5,5.8455,.02405625
South,Native,Grasmere, ,GR55, ,333, ,5.666, ,.016216,-.242614989573767,.0547996624351191,318.5,5.8455,.02405625
South,Native,Grasmere, ,GR55, ,338, ,6.134, ,.041096,-.31329847191599,.0543928293220421,318.5,5.8455,.02405625
South,Native,Grasmere, ,GR55, ,382, ,5.786, ,.022059,-.262189546146321,.0511644510096651,318.5,5.8455,.02405625
South,Native,Grasmere, ,GR57, , , , , ,.039474,-.309395118307953, ,269,5.366,.0293096
South,Native,Grasmere, ,GR57, , , , , , , , ,269,5.366,.0293096
South,Native,Grasmere, ,GR57, , , , , , , , ,269,5.366,.0293096
South,Native,Grasmere, ,GR57, , , , , , , , ,269,5.366,.0293096
South,Native,Grasmere, ,GR57, ,240, ,5.128, ,.024793,-.270475398540731,.0645497224367903,269,5.366,.0293096
South,Native,Grasmere, ,GR57, ,241, ,5.582, ,.042254,-.316050006502524,.0644156626400831,269,5.366,.0293096
South,Native,Grasmere, ,GR57, ,275, ,5.388, ,.01875,-.251473538965618,.0603022689155527,269,5.366,.0293096
South,Native,Grasmere, ,GR57, ,320, ,5.366, ,.021277,-.259731583903188,.0559016994374947,269,5.366,.0293096
South,Native,Grasmere, ,GR59, , , , , ,.011364,-.223348653112015, ,211.8,5.031,.0212383333333333
South,Native,Grasmere, ,GR59, , , , , , , , ,211.8,5.031,.0212383333333333
South,Native,Grasmere, ,GR59, , , , , , , , ,211.8,5.031,.0212383333333333
South,Native,Grasmere, ,GR59, , , , , , , , ,211.8,5.031,.0212383333333333
South,Native,Grasmere, ,GR59, , , , , , , , ,211.8,5.031,.0212383333333333
South,Native,Grasmere, ,GR59, , , , , , , , ,211.8,5.031,.0212383333333333
South,Native,Grasmere, ,GR59, ,175, ,3.434, ,.017857,-.24842500467565,.0755928946018454,211.8,5.031,.0212383333333333
South,Native,Grasmere, ,GR59, ,182, ,5.919, ,.016854,-.244907919740794,.0741249316661101,211.8,5.031,.0212383333333333
South,Native,Grasmere, ,GR59, ,199, ,4.869, ,.024194,-.268697979652789,.0708881205008336,211.8,5.031,.0212383333333333
South,Native,Grasmere, ,GR59, ,231, ,5.721, ,.024194,-.268697979652789,.0657951694959769,211.8,5.031,.0212383333333333
South,Native,Grasmere, ,GR59, ,272, ,5.212, ,.032967,-.293061915826952,.0606339062590832,211.8,5.031,.0212383333333333
South,Native,Grasmere, ,GR60, , , , , ,.02459,-.269875273325427, ,271.2,5.8702,.025903875
South,Native,Grasmere, ,GR60, , , , , ,.026549,-.275575987125707, ,271.2,5.8702,.025903875
South,Native,Grasmere, ,GR60, , , , , ,.027027,-.276937816714244, ,271.2,5.8702,.025903875
South,Native,Grasmere, ,GR60, ,182, ,5.602, ,.026549,-.275575987125707,.0741249316661101,271.2,5.8702,.025903875
South,Native,Grasmere, ,GR60, ,198, ,5.988, ,.026549,-.275575987125707,.0710669054518702,271.2,5.8702,.025903875
South,Native,Grasmere, ,GR60, ,222, ,5.768, ,.028846,-.282025079881893,.0671156055214024,271.2,5.8702,.025903875
South,Native,Grasmere, ,GR60, ,287, ,6.145, ,.037975,-.305733054523654,.0590281336100955,271.2,5.8702,.025903875
South,Native,Grasmere, ,GR60, ,467, ,5.848, ,.009146,-.213018014241591,.0462744813382748,271.2,5.8702,.025903875
South,Native,Gunn 03, ,GN3-184, , , , , ,.03,-.285179948337453, ,256.428571428571,5.77166666666667,.028448
South,Native,Gunn 03, ,GN3-184, ,190, ,6.229, ,.0375,-.304561013207634,.0725476250110012,256.428571428571,5.77166666666667,.028448
South,Native,Gunn 03, ,GN3-184, ,195, ,5.802, ,.034884,-.297998018828716,.0716114874039433,256.428571428571,5.77166666666667,.028448
South,Native,Gunn 03, ,GN3-184, ,202, ,6.025, ,.032609,-.292127148082198,.0703597544730292,256.428571428571,5.77166666666667,.028448
South,Native,Gunn 03, ,GN3-184, ,222, ,6.235, ,.022059,-.262189546146321,.0671156055214024,256.428571428571,5.77166666666667,.028448
South,Native,Gunn 03, ,GN3-184, ,233, , , , , ,.0655121782080418,256.428571428571,5.77166666666667,.028448
South,Native,Gunn 03, ,GN3-184, ,322, ,4.951, ,.013636,-.23282659809388,.0557278212575353,256.428571428571,5.77166666666667,.028448
South,Native,Gunn 03, ,GN3-184, ,431, ,5.388, , , ,.0481683050859088,256.428571428571,5.77166666666667,.028448
South,Native,Gunn09, ,GN9-155, ,154, ,3.548, ,.036145,-.301185164901224,.080582296402538,188.5,3.7505,.02380175
South,Native,Gunn09, ,GN9-155, ,175, ,4.084, ,.024,-.268117975063714,.0755928946018454,188.5,3.7505,.02380175
South,Native,Gunn09, ,GN9-155, ,201, ,3.588, ,.019355,-.253497987360216,.0705345615858598,188.5,3.7505,.02380175
South,Native,Gunn09, ,GN9-155, ,224, ,3.782, ,.015707,-.240752178789477,.0668153104781061,188.5,3.7505,.02380175
South,Native,Haupiri, ,HP125, , , , , ,.022059,-.262189546146321, ,423,5.711,.0274704
South,Native,Haupiri, ,HP125, , , , , ,.039474,-.309395118307953, ,423,5.711,.0274704
South,Native,Haupiri, ,HP125, , , , , , , , ,423,5.711,.0274704
South,Native,Haupiri, ,HP125, , , , , , , , ,423,5.711,.0274704
South,Native,Haupiri, ,HP125, , , , , , , , ,423,5.711,.0274704
South,Native,Haupiri, ,HP125, , , , , ,.024793,-.270475398540731, ,423,5.711,.0274704
South,Native,Haupiri, ,HP125, , , , , ,.042254,-.316050006502524, ,423,5.711,.0274704
South,Native,Haupiri, ,HP125, ,423, ,5.711, ,.008772,-.211140158084696,.0486216638326315,423,5.711,.0274704
South,Native,Haupiri, ,HP126, , , , , ,.021277,-.259731583903188, ,379.75,5.1555,.0179566
South,Native,Haupiri, ,HP126, , , , , , , , ,379.75,5.1555,.0179566
South,Native,Haupiri, ,HP126, , , , , ,.014706,-.236994921167006, ,379.75,5.1555,.0179566
South,Native,Haupiri, ,HP126, , , , , , , , ,379.75,5.1555,.0179566
South,Native,Haupiri, ,HP126, ,149, ,5.14, ,.035294,-.299039279393322,.0819231920519041,379.75,5.1555,.0179566
South,Native,Haupiri, ,HP126, ,336, ,5.453, ,.012658,-.228860925734966,.0545544725589981,379.75,5.1555,.0179566
South,Native,Haupiri, ,HP126, ,406, ,5.179, , , ,.0496291666985465,379.75,5.1555,.0179566
South,Native,Haupiri, ,HP126, ,628, ,4.85, ,.005848,-.194489885408422,.0399043442233811,379.75,5.1555,.0179566
South,Native,Haupiri, ,HP129, , , , , , , , ,242,4.59533333333333,.0282845
South,Native,Haupiri, ,HP129, , , , , ,.024194,-.268697979652789, ,242,4.59533333333333,.0282845
South,Native,Haupiri, ,HP129, , , , , ,.0375,-.304561013207634, ,242,4.59533333333333,.0282845
South,Native,Haupiri, ,HP129, , , , , ,.032967,-.293061915826952, ,242,4.59533333333333,.0282845
South,Native,Haupiri, ,HP129, ,171, ,5.115, ,.030928,-.287679270214488,.0764719112901873,242,4.59533333333333,.0282845
South,Native,Haupiri, ,HP129, ,187, , , , , ,.0731272424127131,242,4.59533333333333,.0282845
South,Native,Haupiri, ,HP129, ,286, ,4.2, ,.022059,-.262189546146321,.0591312395989083,242,4.59533333333333,.0282845
South,Native,Haupiri, ,HP129, ,324, ,4.471, ,.022059,-.262189546146321,.0555555555555556,242,4.59533333333333,.0282845
South,Native,Heron, ,HR61, , , , , ,.026549,-.275575987125707, ,291.285714285714,4.82085714285714,.0205025454545455
South,Native,Heron, ,HR61, , , , , ,.028846,-.282025079881893, ,291.285714285714,4.82085714285714,.0205025454545455
South,Native,Heron, ,HR61, , , , , ,.037975,-.305733054523654, ,291.285714285714,4.82085714285714,.0205025454545455
South,Native,Heron, ,HR61, , , , , ,.009146,-.213018014241591, ,291.285714285714,4.82085714285714,.0205025454545455
South,Native,Heron, ,HR61, ,240, ,4.686, ,.021898,-.261686940699562,.0645497224367903,291.285714285714,4.82085714285714,.0205025454545455
South,Native,Heron, ,HR61, ,250, ,4.731, ,.013889,-.233827435386065,.0632455532033676,291.285714285714,4.82085714285714,.0205025454545455
South,Native,Heron, ,HR61, ,262, ,4.721, ,.025424,-.272326581111365,.0617802063215215,291.285714285714,4.82085714285714,.0205025454545455
South,Native,Heron, ,HR61, ,306, ,5.027, ,.023622,-.266981576933456,.0571661950475029,291.285714285714,4.82085714285714,.0205025454545455
South,Native,Heron, ,HR61, ,308, ,4.405, ,.012876,-.22975881342537,.056980288229819,291.285714285714,4.82085714285714,.0205025454545455
South,Native,Heron, ,HR61, ,335, ,4.584, ,.014151,-.234853698660431,.0546358364708153,291.285714285714,4.82085714285714,.0205025454545455
South,Native,Heron, ,HR61, ,338, ,5.592, ,.011152,-.222413180002209,.0543928293220421,291.285714285714,4.82085714285714,.0205025454545455
South,Native,Heron, ,HR62, , , , , , , , ,202,4.5018,.0282617142857143
South,Native,Heron, ,HR62, , , , , ,.026549,-.275575987125707, ,202,4.5018,.0282617142857143
South,Native,Heron, ,HR62, ,142, ,5.02, ,.041096,-.31329847191599,.0839181358296689,202,4.5018,.0282617142857143
South,Native,Heron, ,HR62, ,161, ,5.051, ,.030303,-.285999585706847,.0788110406239101,202,4.5018,.0282617142857143
South,Native,Heron, ,HR62, ,163, , , ,.02,-.255622218635332,.0783260449987957,202,4.5018,.0282617142857143
South,Native,Heron, ,HR62, ,210, ,3.645, ,.035294,-.299039279393322,.0690065559342354,202,4.5018,.0282617142857143
South,Native,Heron, ,HR62, ,254, ,4.327, ,.02,-.255622218635332,.0627455805138159,202,4.5018,.0282617142857143
South,Native,Heron, ,HR62, ,282, ,4.466, ,.02459,-.269875273325427,.0595491334175414,202,4.5018,.0282617142857143
South,Native,Heron, ,HR64, , , , , , , , ,295.166666666667,5.6235,.0196133333333333
South,Native,Heron, ,HR64, , , , , , , , ,295.166666666667,5.6235,.0196133333333333
South,Native,Heron, ,HR64, , , , , , , , ,295.166666666667,5.6235,.0196133333333333
South,Native,Heron, ,HR64, ,201, ,5.215, ,.02381,-.267547818033776,.0705345615858598,295.166666666667,5.6235,.0196133333333333
South,Native,Heron, ,HR64, ,229, ,5.816, ,.019608,-.25433529563246,.066081860045509,295.166666666667,5.6235,.0196133333333333
South,Native,Heron, ,HR64, ,250, ,5.568, ,.022388,-.26321121731529,.0632455532033676,295.166666666667,5.6235,.0196133333333333
South,Native,Heron, ,HR64, ,334, ,6.103, ,.019608,-.25433529563246,.0547175655164583,295.166666666667,5.6235,.0196133333333333
South,Native,Heron, ,HR64, ,334, ,6.046, ,.019608,-.25433529563246,.0547175655164583,295.166666666667,5.6235,.0196133333333333
South,Native,Heron, ,HR64, ,423, ,4.993, ,.012658,-.228860925734966,.0486216638326315,295.166666666667,5.6235,.0196133333333333
South,Native,Heron, ,HR65, , , , , ,.032609,-.292127148082198, ,300.333333333333,5.22833333333333,.0242725
South,Native,Heron, ,HR65, ,252, ,5.474, ,.025,-.271085030681817,.0629940788348712,300.333333333333,5.22833333333333,.0242725
South,Native,Heron, ,HR65, ,317, ,4.888, ,.02,-.255622218635332,.056165595630173,300.333333333333,5.22833333333333,.0242725
South,Native,Heron, ,HR65, ,332, ,5.323, ,.019481,-.253915655710451,.0548821299948452,300.333333333333,5.22833333333333,.0242725
South,Native,Heron, ,HR66, , , , , , , , ,350,4.048,.0229516
South,Native,Heron, ,HR66, , , , , , , , ,350,4.048,.0229516
South,Native,Heron, ,HR66, , , , , ,.0375,-.304561013207634, ,350,4.048,.0229516
South,Native,Heron, ,HR66, , , , , , , , ,350,4.048,.0229516
South,Native,Heron, ,HR66, , , , , ,.030928,-.287679270214488, ,350,4.048,.0229516
South,Native,Heron, ,HR66, , , , , , , , ,350,4.048,.0229516
South,Native,Heron, ,HR66, , , , , ,.022059,-.262189546146321, ,350,4.048,.0229516
South,Native,Heron, ,HR66, ,350, , , ,.009119,-.212883943615253,.0534522483824849,350,4.048,.0229516
South,Native,Heron, ,HR66, ,350, ,4.048, ,.015152,-.238684975104493,.0534522483824849,350,4.048,.0229516
South,Native,Heron, ,HR67, , , , , , , , ,257.333333333333,5.60766666666667,.02062725
South,Native,Heron, ,HR67, , , , , , , , ,257.333333333333,5.60766666666667,.02062725
South,Native,Heron, ,HR67, , , , , , , , ,257.333333333333,5.60766666666667,.02062725
South,Native,Heron, ,HR67, , , , , ,.021898,-.261686940699562, ,257.333333333333,5.60766666666667,.02062725
South,Native,Heron, ,HR67, ,218, ,6.106, ,.025,-.271085030681817,.0677285461478596,257.333333333333,5.60766666666667,.02062725
South,Native,Heron, ,HR67, ,266, ,5.063, ,.017964,-.248794248297279,.0613139339484966,257.333333333333,5.60766666666667,.02062725
South,Native,Heron, ,HR67, ,288, ,5.654, ,.017647,-.247697068598748,.058925565098879,257.333333333333,5.60766666666667,.02062725
South,Native,Heron, ,HR68, , , , , ,.012876,-.22975881342537, ,436.5,4.958,.020711
South,Native,Heron, ,HR68, , , , , ,.014151,-.234853698660431, ,436.5,4.958,.020711
South,Native,Heron, ,HR68, , , , , ,.011152,-.222413180002209, ,436.5,4.958,.020711
South,Native,Heron, ,HR68, , , , , , , , ,436.5,4.958,.020711
South,Native,Heron, ,HR68, , , , , ,.026549,-.275575987125707, ,436.5,4.958,.020711
South,Native,Heron, ,HR68, , , , , ,.041096,-.31329847191599, ,436.5,4.958,.020711
South,Native,Heron, ,HR68, ,335, ,5.504, ,.030303,-.285999585706847,.0546358364708153,436.5,4.958,.020711
South,Native,Heron, ,HR68, ,538, ,4.412, ,.00885,-.211535548777002,.0431130613559227,436.5,4.958,.020711
South,Native,Heron, ,HR69, ,683, ,4.921, ,.008197,-.208160428112731,.038263936589669,683,4.921,.008197
South,Native,Heron, ,HR70, , , , , ,.02,-.255622218635332, ,201,5.113,.0213504
South,Native,Heron, ,HR70, , , , , ,.02459,-.269875273325427, ,201,5.113,.0213504
South,Native,Heron, ,HR70, , , , , , , , ,201,5.113,.0213504
South,Native,Heron, ,HR70, , , , , , , , ,201,5.113,.0213504
South,Native,Heron, ,HR70, , , , , , , , ,201,5.113,.0213504
South,Native,Heron, ,HR70, , , , , ,.021277,-.259731583903188, ,201,5.113,.0213504
South,Native,Heron, ,HR70, ,187, , , ,.019608,-.25433529563246,.0731272424127131,201,5.113,.0213504
South,Native,Heron, ,HR70, ,215, ,5.113, ,.021277,-.259731583903188,.0681994339470473,201,5.113,.0213504
South,Native,Heron, ,HR72, , , , , ,.019608,-.25433529563246, ,322.6,5.2954,.0219465555555556
South,Native,Heron, ,HR72, , , , , ,.019608,-.25433529563246, ,322.6,5.2954,.0219465555555556
South,Native,Heron, ,HR72, , , , , ,.012658,-.228860925734966, ,322.6,5.2954,.0219465555555556
South,Native,Heron, ,HR72, , , , , ,.032609,-.292127148082198, ,322.6,5.2954,.0219465555555556
South,Native,Heron, ,HR72, ,178, ,5.493, ,.030928,-.287679270214488,.0749531688995861,322.6,5.2954,.0219465555555556
South,Native,Heron, ,HR72, ,341, ,5.34, ,.014151,-.234853698660431,.0541530361073882,322.6,5.2954,.0219465555555556
South,Native,Heron, ,HR72, ,353, ,5.407, ,.014354,-.235641945675013,.0532246295412349,322.6,5.2954,.0219465555555556
South,Native,Heron, ,HR72, ,361, ,5.288, ,.033333,-.294013239350493,.0526315789473684,322.6,5.2954,.0219465555555556
South,Native,Heron, ,HR72, ,380, ,4.949, ,.02027,-.256501457903006,.0512989176042577,322.6,5.2954,.0219465555555556
South,Native,Heron, ,HR73, , , , , , , , ,267.8,4.6304,.0177313333333333
South,Native,Heron, ,HR73, , , , , , , , ,267.8,4.6304,.0177313333333333
South,Native,Heron, ,HR73, , , , , , , , ,267.8,4.6304,.0177313333333333
South,Native,Heron, ,HR73, , , , , , , , ,267.8,4.6304,.0177313333333333
South,Native,Heron, ,HR73, , , , , , , , ,267.8,4.6304,.0177313333333333
South,Native,Heron, ,HR73, , , , , ,.009119,-.212883943615253, ,267.8,4.6304,.0177313333333333
South,Native,Heron, ,HR73, ,210, ,4.781, ,.030303,-.285999585706847,.0690065559342354,267.8,4.6304,.0177313333333333
South,Native,Heron, ,HR73, ,236, ,4.503, ,.023622,-.266981576933456,.0650944554904119,267.8,4.6304,.0177313333333333
South,Native,Heron, ,HR73, ,254, ,4.67, ,.016216,-.242614989573767,.0627455805138159,267.8,4.6304,.0177313333333333
South,Native,Heron, ,HR73, ,305, ,4.313, ,.014085,-.234596131909166,.0572598334313868,267.8,4.6304,.0177313333333333
South,Native,Heron, ,HR73, ,334, ,4.885, ,.013043,-.230441099257239,.0547175655164583,267.8,4.6304,.0177313333333333
South,Native,Heron, ,HR74, , , , , ,.025,-.271085030681817, ,301,4.272,.0202036666666667
South,Native,Heron, ,HR74, , , , , ,.017964,-.248794248297279, ,301,4.272,.0202036666666667
South,Native,Heron, ,HR74, , , , , ,.017647,-.247697068598748, ,301,4.272,.0202036666666667
South,Native,Heron, ,HR74, , , , , , , , ,301,4.272,.0202036666666667
South,Native,Heron, ,HR74, , , , , , , , ,301,4.272,.0202036666666667
South,Native,Heron, ,HR74, , , , , , , , ,301,4.272,.0202036666666667
South,Native,Heron, ,HR74, , , , , , , , ,301,4.272,.0202036666666667
South,Native,Heron, ,HR74, ,301, ,4.272, , , ,.0576390417704235,301,4.272,.0202036666666667
South,Native,Heron, ,HR75, , , , , , , , ,272.333333333333,4.887,.017925
South,Native,Heron, ,HR75, , , , , , , , ,272.333333333333,4.887,.017925
South,Native,Heron, ,HR75, , , , , ,.00885,-.211535548777002, ,272.333333333333,4.887,.017925
South,Native,Heron, ,HR75, , , , , ,.008197,-.208160428112731, ,272.333333333333,4.887,.017925
South,Native,Heron, ,HR75, , , , , , , , ,272.333333333333,4.887,.017925
South,Native,Heron, ,HR75, ,231, , , ,.019108,-.252675314642837,.0657951694959769,272.333333333333,4.887,.017925
South,Native,Heron, ,HR75, ,236, ,5.265, ,.018987,-.252270386523571,.0650944554904119,272.333333333333,4.887,.017925
South,Native,Heron, ,HR75, ,350, ,4.509, ,.034483,-.296974821728239,.0534522483824849,272.333333333333,4.887,.017925
South,Native,Heron, ,HR76, , , , , ,.016216,-.242614989573767, ,245,5.657,.0185953333333333
South,Native,Heron, ,HR76, , , , , ,.021277,-.259731583903188, ,245,5.657,.0185953333333333
South,Native,Heron, ,HR76, ,245, ,5.657, ,.018293,-.249922723520692,.063887656499994,245,5.657,.0185953333333333
South,Native,Heron, ,HR77, , , , , ,.021277,-.259731583903188, ,210, ,.019841
South,Native,Heron, ,HR77, , , , , , , , ,210, ,.019841
South,Native,Heron, ,HR77, , , , , , , , ,210, ,.019841
South,Native,Heron, ,HR77, , , , , , , , ,210, ,.019841
South,Native,Heron, ,HR77, , , , , , , , ,210, ,.019841
South,Native,Heron, ,HR77, ,210, , , ,.018405,-.250304563574972,.0690065559342354,210, ,.019841
South,Native,Heron, ,HR78, , , , , ,.014151,-.234853698660431, ,219,5.08,.0213551111111111
South,Native,Heron, ,HR78, , , , , ,.014354,-.235641945675013, ,219,5.08,.0213551111111111
South,Native,Heron, ,HR78, , , , , ,.033333,-.294013239350493, ,219,5.08,.0213551111111111
South,Native,Heron, ,HR78, , , , , ,.02027,-.256501457903006, ,219,5.08,.0213551111111111
South,Native,Heron, ,HR78, , , , , , , , ,219,5.08,.0213551111111111
South,Native,Heron, ,HR78, , , , , , , , ,219,5.08,.0213551111111111
South,Native,Heron, ,HR78, , , , , , , , ,219,5.08,.0213551111111111
South,Native,Heron, ,HR78, , , , , , , , ,219,5.08,.0213551111111111
South,Native,Heron, ,HR78, , , , , , , , ,219,5.08,.0213551111111111
South,Native,Heron, ,HR78, , , , , , , , ,219,5.08,.0213551111111111
South,Native,Heron, ,HR78, , , , , ,.030303,-.285999585706847, ,219,5.08,.0213551111111111
South,Native,Heron, ,HR78, , , , , ,.023622,-.266981576933456, ,219,5.08,.0213551111111111
South,Native,Heron, ,HR78, , , , , ,.016216,-.242614989573767, ,219,5.08,.0213551111111111
South,Native,Heron, ,HR78, , , , , ,.014085,-.234596131909166, ,219,5.08,.0213551111111111
South,Native,Heron, ,HR78, ,219, ,5.08, ,.025862,-.27359926573944,.0675737378399486,219,5.08,.0213551111111111
South,Native,Heron, ,HR79, , , , , , , , ,227.5,4.8925,.019984
South,Native,Heron, ,HR79, , , , , , , , ,227.5,4.8925,.019984
South,Native,Heron, ,HR79, , , , , , , , ,227.5,4.8925,.019984
South,Native,Heron, ,HR79, , , , , , , , ,227.5,4.8925,.019984
South,Native,Heron, ,HR79, , , , , , , , ,227.5,4.8925,.019984
South,Native,Heron, ,HR79, , , , , , , , ,227.5,4.8925,.019984
South,Native,Heron, ,HR79, ,196, ,5.318, ,.022727,-.264256531950584,.0714285714285714,227.5,4.8925,.019984
South,Native,Heron, ,HR79, ,259, ,4.467, ,.017241,-.246277211438359,.06213697660012,227.5,4.8925,.019984
South,Native,Heron, ,HR80, , , , , , , , ,211.75,5.07325,.02524525
South,Native,Heron, ,HR80, , , , , , , , ,211.75,5.07325,.02524525
South,Native,Heron, ,HR80, , , , , , , , ,211.75,5.07325,.02524525
South,Native,Heron, ,HR80, , , , , , , , ,211.75,5.07325,.02524525
South,Native,Heron, ,HR80, , , , , , , , ,211.75,5.07325,.02524525
South,Native,Heron, ,HR80, ,196, ,5.127, ,.026549,-.275575987125707,.0714285714285714,211.75,5.07325,.02524525
South,Native,Heron, ,HR80, ,203, ,4.843, ,.022222,-.262696620913453,.0701862406343596,211.75,5.07325,.02524525
South,Native,Heron, ,HR80, ,224, ,4.906, ,.026786,-.276252563126599,.0668153104781061,211.75,5.07325,.02524525
South,Native,Heron, ,HR80, ,224, ,5.417, ,.025424,-.272326581111365,.0668153104781061,211.75,5.07325,.02524525
South,Native,Kaniere01, ,KN141, , , , , , , , ,214.428571428571,5.424,.022209375
South,Native,Kaniere01, ,KN141, , , , , ,.018293,-.249922723520692, ,214.428571428571,5.424,.022209375
South,Native,Kaniere01, ,KN141, ,177, ,5.122, ,.028302,-.280518851728233,.0751646028002829,214.428571428571,5.424,.022209375
South,Native,Kaniere01, ,KN141, ,198, ,5.565, ,.031915,-.290302798452911,.0710669054518702,214.428571428571,5.424,.022209375
South,Native,Kaniere01, ,KN141, ,210, ,5.375, ,.023622,-.266981576933456,.0690065559342354,214.428571428571,5.424,.022209375
South,Native,Kaniere01, ,KN141, ,223, ,5.903, ,.021277,-.259731583903188,.0669649530182425,214.428571428571,5.424,.022209375
South,Native,Kaniere01, ,KN141, ,224, ,5.28, ,.017143,-.245931956387057,.0668153104781061,214.428571428571,5.424,.022209375
South,Native,Kaniere01, ,KN141, ,226, ,5.159, ,.020548,-.25740080954473,.0665190105237739,214.428571428571,5.424,.022209375
South,Native,Kaniere01, ,KN141, ,243, ,5.564, ,.016575,-.243910782979656,.0641500299099584,214.428571428571,5.424,.022209375
South,Native,Kaniere04, ,KN181, , , , , , , , ,263.375,5.2905,.0153235714285714
South,Native,Kaniere04, ,KN181, , , , , , , , ,263.375,5.2905,.0153235714285714
South,Native,Kaniere04, ,KN181, ,238, ,5.4, ,.016949,-.245245520497912,.0648203723552164,263.375,5.2905,.0153235714285714
South,Native,Kaniere04, ,KN181, ,240, ,4.674, ,.016304,-.242933973702163,.0645497224367903,263.375,5.2905,.0153235714285714
South,Native,Kaniere04, ,KN181, ,243, ,4.852, ,.017544,-.247338436357542,.0641500299099584,263.375,5.2905,.0153235714285714
South,Native,Kaniere04, ,KN181, ,244, ,5.465, ,.017045,-.245585696964953,.064018439966448,263.375,5.2905,.0153235714285714
South,Native,Kaniere04, ,KN181, ,259, ,5.408, ,.014634,-.236719576627046,.06213697660012,263.375,5.2905,.0153235714285714
South,Native,Kaniere04, ,KN181, ,285, ,5.713, ,.012931,-.229984043149665,.0592348877759092,263.375,5.2905,.0153235714285714
South,Native,Kaniere04, ,KN181, ,292, ,5.359, , , ,.0585205735980653,263.375,5.2905,.0153235714285714
South,Native,Kaniere04, ,KN181, ,306, ,5.453, ,.011858,-.225491725277028,.0571661950475029,263.375,5.2905,.0153235714285714
Invasive,Invasive,Md,1,Md1,46.486,211,.347775,5.2,.005739,.01342105263,-.231968469583472,.0688428390821514,226,5.21,.013820915925
Invasive,Invasive,Md,1,Md1,46.486,241,.347775,5.22,.005739,.01422077922,-.235125322083429,.0644156626400831,226,5.21,.013820915925
Invasive,Invasive,Md,1,Md2,46.486,211,.347775,4.4,.005739,.01879699248,-.25163193397031,.0688428390821514,163.333333333333,4.70333333333333,.024286587865
Invasive,Invasive,Md,1,Md2,46.486,142,.347775,4.87,.005739,.02604166667,-.274118489390917,.0839181358296689,163.333333333333,4.70333333333333,.024286587865
Invasive,Invasive,Md,1,Md2,46.486, ,.347775, ,.005739,.02666666667,-.275912233017569, ,163.333333333333,4.70333333333333,.024286587865
Invasive,Invasive,Md,1,Md2,46.486,137,.347775,4.84,.005739,.02564102564,-.272958420406417,.0854357657716761,163.333333333333,4.70333333333333,.024286587865
Invasive,Invasive,Md,1,Md3,46.486,260,.347775,4.93,.005739,.0137012987,-.233085853766575,.0620173672946042,224.5,5.205,.016433982685
Invasive,Invasive,Md,1,Md3,46.486,189,.347775,5.48,.005739,.01916666667,-.252871186715194,.0727392967453308,224.5,5.205,.016433982685
Invasive,Invasive,Mr,2,Mr1,35.387,214,.203853,4.84,.003484,.01278911565,-.229401952272,.0683585927024663,208.5,4.705,.01595207995
Invasive,Invasive,Mr,2,Mr1,35.387, ,.203853, ,.003484, , , ,208.5,4.705,.01595207995
Invasive,Invasive,Mr,2,Mr1,35.387, ,.203853, ,.003484, , , ,208.5,4.705,.01595207995
Invasive,Invasive,Mr,2,Mr1,35.387,203,.203853,4.57,.003484,.01911504425,-.252698849174881,.0701862406343596,208.5,4.705,.01595207995
Invasive,Invasive,Mr,2,Mr2,35.387,240,.203853,4.71,.003484,.015625,-.240449173481494,.0645497224367903,211,4.79666666666667,.01615351719
Invasive,Invasive,Mr,2,Mr2,35.387, ,.203853, ,.003484,.01837837838,-.250213908285049, ,211,4.79666666666667,.01615351719
Invasive,Invasive,Mr,2,Mr2,35.387,179,.203853,4.81,.003484,.01683823529,-.244851803014909,.0747435092751936,211,4.79666666666667,.01615351719
Invasive,Invasive,Mr,2,Mr2,35.387,214,.203853,4.87,.003484,.01377245509,-.233367616387533,.0683585927024663,211,4.79666666666667,.01615351719
Invasive,Invasive,Mr,2,Mr3,35.387,206,.203853,4.42,.003484,.01853448276,-.250744564112415,.0696733014291618,216.25,4.65,.0131923389718
Invasive,Invasive,Mr,2,Mr3,35.387,227,.203853,4.8,.003484,.01224719101,-.227145800595123,.0663723311599972,216.25,4.65,.0131923389718
Invasive,Invasive,Mr,2,Mr3,35.387,225,.203853,4.86,.003484,.0125,-.228204911418669,.0666666666666667,216.25,4.65,.0131923389718
Invasive,Invasive,Mr,2,Mr3,35.387, ,.203853, ,.003484,.007822878229,-.206155696445464, ,216.25,4.65,.0131923389718
Invasive,Invasive,Mr,2,Mr3,35.387,207,.203853,4.52,.003484,.01485714286,-.237570629613447,.0695048046856916,216.25,4.65,.0131923389718
Invasive,Invasive,Mr,2,Mr4,35.387,262,.203853,4.25,.003484,.01427586207,-.235339239927782,.0617802063215215,265.25,4.4775,.01157524248675
Invasive,Invasive,Mr,2,Mr4,35.387,324,.203853,4.8,.003484,.007879858657,-.206464600205289,.0555555555555556,265.25,4.4775,.01157524248675
Invasive,Invasive,Mr,2,Mr4,35.387,212,.203853,4.47,.003484,.01395833333,-.234100010522836,.0686802819743445,265.25,4.4775,.01157524248675
Invasive,Invasive,Mr,2,Mr4,35.387, ,.203853, ,.003484, , , ,265.25,4.4775,.01157524248675
Invasive,Invasive,Mr,2,Mr4,35.387,263,.203853,4.39,.003484,.01018691589,-.218023993957801,.0616626415978207,265.25,4.4775,.01157524248675
Invasive,Invasive,Mr,2,Mr5,35.387,275,.203853,4.37,.003484,.02044247788,-.257060137791278,.0603022689155527,257,4.6025,.0153304787325
Invasive,Invasive,Mr,2,Mr5,35.387, ,.203853, ,.003484, , , ,257,4.6025,.0153304787325
Invasive,Invasive,Mr,2,Mr5,35.387,254,.203853,4.84,.003484,.01424836601,-.235232511923331,.0627455805138159,257,4.6025,.0153304787325
Invasive,Invasive,Mr,2,Mr5,35.387,229,.203853,4.52,.003484,.01442176871,-.235903776380821,.066081860045509,257,4.6025,.0153304787325
Invasive,Invasive,Mr,2,Mr5,35.387,270,.203853,4.68,.003484,.01220930233,-.226986047417138,.0608580619450185,257,4.6025,.0153304787325
North,Native,Okareka01, ,OK1-160, , , , , , , , ,217.5,4.5305,.022567
North,Native,Okareka01, ,OK1-160, , , , , , , , ,217.5,4.5305,.022567
North,Native,Okareka01, ,OK1-160, ,190, ,4.318, ,.018634,-.251081696988068,.0725476250110012,217.5,4.5305,.022567
North,Native,Okareka01, ,OK1-160, ,204, ,4.921, ,.025862,-.27359926573944,.0700140042014005,217.5,4.5305,.022567
North,Native,Okareka01, ,OK1-160, ,235, ,4.302, ,.020979,-.258783544263903,.0652328073053442,217.5,4.5305,.022567
North,Native,Okareka01, ,OK1-160, ,241, ,4.581, ,.024793,-.270475398540731,.0644156626400831,217.5,4.5305,.022567
North,Native,Okareka02, ,OK2-161, , , , , , , , ,187.5,4.6865,.022287
North,Native,Okareka02, ,OK2-161, , , , , , , , ,187.5,4.6865,.022287
North,Native,Okareka02, ,OK2-161, , , , , , , , ,187.5,4.6865,.022287
North,Native,Okareka02, ,OK2-161, , , , , , , , ,187.5,4.6865,.022287
North,Native,Okareka02, ,OK2-161, , , , , ,.022727,-.264256531950584, ,187.5,4.6865,.022287
North,Native,Okareka02, ,OK2-161, , , , , ,.017241,-.246277211438359, ,187.5,4.6865,.022287
North,Native,Okareka02, ,OK2-161, ,175, ,4.57, ,.02459,-.269875273325427,.0755928946018454,187.5,4.6865,.022287
North,Native,Okareka02, ,OK2-161, ,200, ,4.803, ,.02459,-.269875273325427,.0707106781186548,187.5,4.6865,.022287
North,Native,Okareka05, ,OK5-162, , , , , , , , ,316,4.596,.0243306
North,Native,Okareka05, ,OK5-162, , , , , , , , ,316,4.596,.0243306
North,Native,Okareka05, ,OK5-162, , , , , , , , ,316,4.596,.0243306
North,Native,Okareka05, ,OK5-162, , , , , ,.026549,-.275575987125707, ,316,4.596,.0243306
North,Native,Okareka05, ,OK5-162, , , , , ,.022222,-.262696620913453, ,316,4.596,.0243306
North,Native,Okareka05, ,OK5-162, , , , , ,.026786,-.276252563126599, ,316,4.596,.0243306
North,Native,Okareka05, ,OK5-162, ,280, ,4.48, ,.029703,-.284373082468926,.0597614304667197,316,4.596,.0243306
North,Native,Okareka05, ,OK5-162, ,352, ,4.712, ,.016393,-.243255683596357,.0533001790889026,316,4.596,.0243306
North,Native,Okareka08, ,OK8-163, , , , , ,.019481,-.253915655710451, ,297.666666666667, ,.0240146666666667
North,Native,Okareka08, ,OK8-163, , , , , ,.028302,-.280518851728233, ,297.666666666667, ,.0240146666666667
North,Native,Okareka08, ,OK8-163, , , , , ,.031915,-.290302798452911, ,297.666666666667, ,.0240146666666667
North,Native,Okareka08, ,OK8-163, , , , , ,.023622,-.266981576933456, ,297.666666666667, ,.0240146666666667
North,Native,Okareka08, ,OK8-163, , , , , ,.021277,-.259731583903188, ,297.666666666667, ,.0240146666666667
North,Native,Okareka08, ,OK8-163, , , , , ,.017143,-.245931956387057, ,297.666666666667, ,.0240146666666667
North,Native,Okareka08, ,OK8-163, ,286, , , ,.038462,-.306928806882699,.0591312395989083,297.666666666667, ,.0240146666666667
North,Native,Okareka08, ,OK8-163, ,294, , , ,.016575,-.243910782979656,.0583211843519804,297.666666666667, ,.0240146666666667
North,Native,Okareka08, ,OK8-163, ,313, , , ,.019355,-.253497987360216,.0565233418944222,297.666666666667, ,.0240146666666667
Invasive,Invasive,PA,1,PA1,58.588,165,.389555,4.71,.003326,.02148148148,-.260378420771116,.0778498944161523,160.333333333333,5.09,.02029439696
Invasive,Invasive,PA,1,PA1,58.588, ,.389555, ,.003326, , , ,160.333333333333,5.09,.02029439696
Invasive,Invasive,PA,1,PA1,58.588, ,.389555, ,.003326, , , ,160.333333333333,5.09,.02029439696
Invasive,Invasive,PA,1,PA1,58.588,165,.389555,5.32,.003326,.01829059829,-.24991452262323,.0778498944161523,160.333333333333,5.09,.02029439696
Invasive,Invasive,PA,1,PA1,58.588,151,.389555,5.24,.003326,.02111111111,-.259204629584588,.0813788458771159,160.333333333333,5.09,.02029439696
Invasive,Invasive,PA,1,PA2,58.588,202,.389555,5.14,.003326,.01601503759,-.241883177682324,.0703597544730292,178.2,5.002,.018098960424
Invasive,Invasive,PA,1,PA2,58.588,195,.389555,4.73,.003326,.01841269841,-.250330766960144,.0716114874039433,178.2,5.002,.018098960424
Invasive,Invasive,PA,1,PA2,58.588,205,.389555,5.3,.003326,.01796992481,-.248814661731642,.0698430295769578,178.2,5.002,.018098960424
Invasive,Invasive,PA,1,PA2,58.588,178,.389555,4.94,.003326,.02024590164,-.256423216035585,.0749531688995861,178.2,5.002,.018098960424
Invasive,Invasive,PA,1,PA2,58.588,111,.389555,4.9,.003326,.01785123967,-.248405094975081,.0949157995752499,178.2,5.002,.018098960424
Invasive,Invasive,PA,1,PA3,58.588,154,.389555,5.8,.003326,.0220754717,-.262240868463176,.080582296402538,258.75,4.995,.0156813274925
Invasive,Invasive,PA,1,PA3,58.588,226,.389555,5.25,.003326,.01609929078,-.242190561769858,.0665190105237739,258.75,4.995,.0156813274925
Invasive,Invasive,PA,1,PA3,58.588,340,.389555,4.7,.003326,.01411764706,-.234723617773251,.054232614454664,258.75,4.995,.0156813274925
Invasive,Invasive,PA,1,PA3,58.588,315,.389555,4.23,.003326,.01043290043,-.219164105488051,.0563436169819011,258.75,4.995,.0156813274925
Invasive,Invasive,PA,1,PA3,58.588, ,.389555, ,.003326, , , ,258.75,4.995,.0156813274925
Invasive,Invasive,PA,1,PA5,58.588, ,.389555, ,.003326, , , ,172,5.205,.02096656455
Invasive,Invasive,PA,1,PA5,58.588,180,.389555,5.25,.003326,.01910569106,-.252667599641153,.074535599249993,172,5.205,.02096656455
Invasive,Invasive,PA,1,PA5,58.588,171,.389555,5.37,.003326,.02397959184,-.268056834401467,.0764719112901873,172,5.205,.02096656455
Invasive,Invasive,PA,1,PA5,58.588,165,.389555,4.71,.003326,.02018691589,-.256231511104401,.0778498944161523,172,5.205,.02096656455
Invasive,Invasive,PA,1,PA5,58.588,172,.389555,5.49,.003326,.02059405941,-.257549243311088,.0762492851663023,172,5.205,.02096656455
Invasive,Invasive,Pc,3,Pc2,37.361,206,.632072,3.8,.004653,.01554140127,-.240139409593812,.0696733014291618,186,4.5,.01916723611
Invasive,Invasive,Pc,3,Pc2,37.361,177,.632072,4.89,.004653,.01889908257,-.25197536723082,.0751646028002829,186,4.5,.01916723611
Invasive,Invasive,Pc,3,Pc2,37.361,175,.632072,4.81,.004653,.02306122449,-.265279948251482,.0755928946018454,186,4.5,.01916723611
Invasive,Invasive,Pc,3,Pc3,37.361,168,.632072,3.76,.004653,.01971428571,-.254685464854248,.077151674981046,155.75,4.9225,.0224896857533333
Invasive,Invasive,Pc,3,Pc3,37.361,152,.632072,5.02,.004653,.02417582418,-.268643730790879,.0811107105653813,155.75,4.9225,.0224896857533333
Invasive,Invasive,Pc,3,Pc3,37.361,141,.632072,5.14,.004653,.02357894737,-.266851610796608,.0842151921066519,155.75,4.9225,.0224896857533333
Invasive,Invasive,Pc,3,Pc3,37.361,162,.632072,5.77,.004653, , ,.0785674201318386,155.75,4.9225,.0224896857533333
Invasive,Invasive,Pc,3,Pc5,37.361, ,.632072, ,.004653, , , ,153.5,4.15,.020863636365
Invasive,Invasive,Pc,3,Pc5,37.361,156,.632072,4,.004653,.01990909091,-.255324875476449,.0800640769025436,153.5,4.15,.020863636365
Invasive,Invasive,Pc,3,Pc5,37.361,151,.632072,4.3,.004653,.02181818182,-.26143711370363,.0813788458771159,153.5,4.15,.020863636365
Invasive,Invasive,Pc,3,Pc5,37.361, ,.632072, ,.004653, , , ,153.5,4.15,.020863636365
Invasive,Invasive,Pc,3,Pc5,37.361, ,.632072, ,.004653, , , ,153.5,4.15,.020863636365
Invasive,Invasive,Pc,3,Pc6,37.361,186,.632072,4.86,.004653,.025,-.271085030681817,.0733235575106767,219.5,4.35666666666667,.0169768907883333
Invasive,Invasive,Pc,3,Pc6,37.361,219,.632072,3.87,.004653, , ,.0675737378399486,219.5,4.35666666666667,.0169768907883333
Invasive,Invasive,Pc,3,Pc6,37.361,281,.632072, ,.004653,.009162995595,-.213102290728511,.0596549986271894,219.5,4.35666666666667,.0169768907883333
Invasive,Invasive,Pc,3,Pc6,37.361,192,.632072,4.34,.004653,.01676767677,-.244600310698724,.0721687836487032,219.5,4.35666666666667,.0169768907883333
South,Native,Poerua02, ,PO2-167, , , , , , , , ,275,5.287,.0180418571428571
South,Native,Poerua02, ,PO2-167, , , , , ,.016949,-.245245520497912, ,275,5.287,.0180418571428571
South,Native,Poerua02, ,PO2-167, , , , , ,.016304,-.242933973702163, ,275,5.287,.0180418571428571
South,Native,Poerua02, ,PO2-167, , , , , ,.017544,-.247338436357542, ,275,5.287,.0180418571428571
South,Native,Poerua02, ,PO2-167, , , , , ,.017045,-.245585696964953, ,275,5.287,.0180418571428571
South,Native,Poerua02, ,PO2-167, ,217, ,4.298, ,.018519,-.250692032415978,.0678844233302131,275,5.287,.0180418571428571
South,Native,Poerua02, ,PO2-167, ,303, ,5.941, ,.022388,-.26321121731529,.0574484989621426,275,5.287,.0180418571428571
South,Native,Poerua02, ,PO2-167, ,305, ,5.622, ,.017544,-.247338436357542,.0572598334313868,275,5.287,.0180418571428571
South,Native,Poerua03, ,PO3-168, , , , , ,.011858,-.225491725277028, ,225,4.403,.0187616
South,Native,Poerua03, ,PO3-168, , , , , , , , ,225,4.403,.0187616
South,Native,Poerua03, ,PO3-168, , , , , , , , ,225,4.403,.0187616
South,Native,Poerua03, ,PO3-168, , , , , ,.018634,-.251081696988068, ,225,4.403,.0187616
South,Native,Poerua03, ,PO3-168, , , , , , , , ,225,4.403,.0187616
South,Native,Poerua03, ,PO3-168, , , , , ,.020979,-.258783544263903, ,225,4.403,.0187616
South,Native,Poerua03, ,PO3-168, , , , , ,.024793,-.270475398540731, ,225,4.403,.0187616
South,Native,Poerua03, ,PO3-168, ,225, ,4.403, ,.017544,-.247338436357542,.0666666666666667,225,4.403,.0187616
South,Native,Poerua92, ,PO92-188, , , , , , , , ,249.714285714286,4.92566666666667,.0197736666666667
South,Native,Poerua92, ,PO92-188, ,176, ,6.054, , , ,.0753778361444409,249.714285714286,4.92566666666667,.0197736666666667
South,Native,Poerua92, ,PO92-188, ,236, ,4.339, ,.018293,-.249922723520692,.0650944554904119,249.714285714286,4.92566666666667,.0197736666666667
South,Native,Poerua92, ,PO92-188, ,255, ,4.642, ,.016575,-.243910782979656,.062622429108515,249.714285714286,4.92566666666667,.0197736666666667
South,Native,Poerua92, ,PO92-188, ,261, ,3.855, ,.017544,-.247338436357542,.0618984460590173,249.714285714286,4.92566666666667,.0197736666666667
South,Native,Poerua92, ,PO92-188, ,312, , , ,.016216,-.242614989573767,.0566138517072298,249.714285714286,4.92566666666667,.0197736666666667
South,Native,Poerua92, ,PO92-188, ,320, ,5.388, ,.02459,-.269875273325427,.0559016994374947,249.714285714286,4.92566666666667,.0197736666666667
South,Native,Poerua95, ,PO92-188, ,188, ,5.276, ,.025424,-.272326581111365,.0729324957489473,249.714285714286,4.92566666666667,.0197736666666667
South,Native,Poerua95, ,PO95-189, , , , , , , , ,209.666666666667,5.58883333333333,.0244
South,Native,Poerua95, ,PO95-189, , , , , , , , ,209.666666666667,5.58883333333333,.0244
South,Native,Poerua95, ,PO95-189, ,164, ,6.399, ,.028846,-.282025079881893,.078086880944303,209.666666666667,5.58883333333333,.0244
South,Native,Poerua95, ,PO95-189, ,184, ,5.161, ,.027778,-.279055936249465,.0737209780774486,209.666666666667,5.58883333333333,.0244
South,Native,Poerua95, ,PO95-189, ,192, ,4.734, ,.022388,-.26321121731529,.0721687836487032,209.666666666667,5.58883333333333,.0244
South,Native,Poerua95, ,PO95-189, ,211, ,6.056, ,.025,-.271085030681817,.0688428390821514,209.666666666667,5.58883333333333,.0244
South,Native,Poerua95, ,PO95-189, ,218, ,5.697, ,.02,-.255622218635332,.0677285461478596,209.666666666667,5.58883333333333,.0244
South,Native,Poerua95, ,PO95-189, ,289, ,5.486, ,.022388,-.26321121731529,.0588235294117647,209.666666666667,5.58883333333333,.0244
South,Native,Rotoiti03, ,RI3-164, , , , , , , , ,316.75,4.31,.0154866666666667
South,Native,Rotoiti03, ,RI3-164, , , , , , , , ,316.75,4.31,.0154866666666667
South,Native,Rotoiti03, ,RI3-164, , , , , , , , ,316.75,4.31,.0154866666666667
South,Native,Rotoiti03, ,RI3-164, , , ,4.169, , , , ,316.75,4.31,.0154866666666667
South,Native,Rotoiti03, ,RI3-164, ,294, , , , , ,.0583211843519804,316.75,4.31,.0154866666666667
South,Native,Rotoiti03, ,RI3-164, ,312, ,4.182, ,.013216,-.231142950041015,.0566138517072298,316.75,4.31,.0154866666666667
South,Native,Rotoiti03, ,RI3-164, ,315, ,4.299, ,.019355,-.253497987360216,.0563436169819011,316.75,4.31,.0154866666666667
South,Native,Rotoiti03, ,RI3-164, ,346, ,4.59, ,.013889,-.233827435386065,.053760333057047,316.75,4.31,.0154866666666667
South,Native,Rotoiti04, ,RI4-171, , , , , ,.029126,-.282795510194178, , , ,.029126
South,Native,RotoroaShallow, ,RS83, , , , , , , , ,345.333333333333,4.69033333333333,.01531525
South,Native,RotoroaShallow, ,RS83, , , , , , , , ,345.333333333333,4.69033333333333,.01531525
South,Native,RotoroaShallow, ,RS83, , , , , , , , ,345.333333333333,4.69033333333333,.01531525
South,Native,RotoroaShallow, ,RS83, , , , , , , , ,345.333333333333,4.69033333333333,.01531525
South,Native,RotoroaShallow, ,RS83, , , , , ,.019108,-.252675314642837, ,345.333333333333,4.69033333333333,.01531525
South,Native,RotoroaShallow, ,RS83, ,338, ,4.981, ,.016854,-.244907919740794,.0543928293220421,345.333333333333,4.69033333333333,.01531525
South,Native,RotoroaShallow, ,RS83, ,348, ,5.045, ,.013761,-.233322309453905,.0536056267418897,345.333333333333,4.69033333333333,.01531525
South,Native,RotoroaShallow, ,RS83, ,350, ,4.045, ,.011538,-.224109254860758,.0534522483824849,345.333333333333,4.69033333333333,.01531525
South,Native,RotoroaShallow, ,RS88, , , , , ,.007752,-.205769598277642, ,286,4.9235,.0133173333333333
South,Native,RotoroaShallow, ,RS88, , , , , , , , ,286,4.9235,.0133173333333333
South,Native,RotoroaShallow, ,RS88, , , , , , , , ,286,4.9235,.0133173333333333
South,Native,RotoroaShallow, ,RS88, , , , , , , , ,286,4.9235,.0133173333333333
South,Native,RotoroaShallow, ,RS88, , , , , , , , ,286,4.9235,.0133173333333333
South,Native,RotoroaShallow, ,RS88, , , , , , , , ,286,4.9235,.0133173333333333
South,Native,RotoroaShallow, ,RS88, ,252, ,5.237, ,.015625,-.240449173481494,.0629940788348712,286,4.9235,.0133173333333333
South,Native,RotoroaShallow, ,RS88, ,320, ,4.61, ,.016575,-.243910782979656,.0559016994374947,286,4.9235,.0133173333333333
South,Native,RotoroaShallow, ,RS97, , , , , ,.018293,-.249922723520692, ,278.4,4.8746,.017501
South,Native,RotoroaShallow, ,RS97, , , , , ,.016575,-.243910782979656, ,278.4,4.8746,.017501
South,Native,RotoroaShallow, ,RS97, , , , , ,.017544,-.247338436357542, ,278.4,4.8746,.017501
South,Native,RotoroaShallow, ,RS97, ,248, ,4.651, ,.019608,-.25433529563246,.0635000635000953,278.4,4.8746,.017501
South,Native,RotoroaShallow, ,RS97, ,249, ,5.543, ,.019108,-.252675314642837,.0633724250524478,278.4,4.8746,.017501
South,Native,RotoroaShallow, ,RS97, ,263, ,4.694, , , ,.0616626415978207,278.4,4.8746,.017501
South,Native,RotoroaShallow, ,RS97, ,273, ,4.889, ,.016304,-.242933973702163,.0605227532668803,278.4,4.8746,.017501
South,Native,RotoroaShallow, ,RS97, ,359, ,4.596, ,.015075,-.238395074597952,.052777981396926,278.4,4.8746,.017501
South,Native,RotoroaShallow, ,RS98, , , , , ,.027778,-.279055936249465, ,328,4.5735,.022068125
South,Native,RotoroaShallow, ,RS98, , , , , ,.025424,-.272326581111365, ,328,4.5735,.022068125
South,Native,RotoroaShallow, ,RS98, , , , , ,.022388,-.26321121731529, ,328,4.5735,.022068125
South,Native,RotoroaShallow, ,RS98, , , , , ,.025,-.271085030681817, ,328,4.5735,.022068125
South,Native,RotoroaShallow, ,RS98, , , , , ,.02,-.255622218635332, ,328,4.5735,.022068125
South,Native,RotoroaShallow, ,RS98, , , , , ,.022388,-.26321121731529, ,328,4.5735,.022068125
South,Native,RotoroaShallow, ,RS98, ,322, ,4.947, ,.018182,-.249543137342318,.0557278212575353,328,4.5735,.022068125
South,Native,RotoroaShallow, ,RS98, ,334, ,4.2, ,.015385,-.239557550415992,.0547175655164583,328,4.5735,.022068125
South,Native,Selfe, ,S103, , , , , , , , ,261.5,4.761,.0165985714285714
South,Native,Selfe, ,S103, , , , , , , , ,261.5,4.761,.0165985714285714
South,Native,Selfe, ,S103, , , , , , , , ,261.5,4.761,.0165985714285714
South,Native,Selfe, ,S103, , , , , ,.013216,-.231142950041015, ,261.5,4.761,.0165985714285714
South,Native,Selfe, ,S103, ,212, ,4.905, ,.014493,-.236178285527526,.0686802819743445,261.5,4.761,.0165985714285714
South,Native,Selfe, ,S103, ,217, ,4.673, ,.014778,-.237269557513064,.0678844233302131,261.5,4.761,.0165985714285714
South,Native,Selfe, ,S103, ,218, ,4.728, ,.022388,-.26321121731529,.0677285461478596,261.5,4.761,.0165985714285714
South,Native,Selfe, ,S103, ,252, ,4.258, ,.013333,-.231614814739626,.0629940788348712,261.5,4.761,.0165985714285714
South,Native,Selfe, ,S103, ,320, ,4.949, ,.027778,-.279055936249465,.0559016994374947,261.5,4.761,.0165985714285714
South,Native,Selfe, ,S103, ,350, ,5.053, ,.010204,-.218103674631423,.0534522483824849,261.5,4.761,.0165985714285714
South,Native,Selfe, ,S109, , , , , , , , ,248.875,4.695,.0166558571428571
South,Native,Selfe, ,S109, ,177, ,4.343, ,.027778,-.279055936249465,.0751646028002829,248.875,4.695,.0166558571428571
South,Native,Selfe, ,S109, ,179, ,5.071, ,.016854,-.244907919740794,.0747435092751936,248.875,4.695,.0166558571428571
South,Native,Selfe, ,S109, ,182, ,4.883, ,.013761,-.233322309453905,.0741249316661101,248.875,4.695,.0166558571428571
South,Native,Selfe, ,S109, ,197, ,4.366, ,.011538,-.224109254860758,.0712470499879097,248.875,4.695,.0166558571428571
South,Native,Selfe, ,S109, ,205, , , ,.007752,-.205769598277642,.0698430295769578,248.875,4.695,.0166558571428571
South,Native,Selfe, ,S109, ,210, ,4.691, , , ,.0690065559342354,248.875,4.695,.0166558571428571
South,Native,Selfe, ,S109, ,407, ,4.559, ,.012821,-.229533063115106,.049568159709661,248.875,4.695,.0166558571428571
South,Native,Selfe, ,S109, ,434, ,4.952, ,.026087,-.274249243359107,.0480015360737319,248.875,4.695,.0166558571428571
South,Native,Selfe, ,S113, , , , , , , , ,642,4.233,.01411475
South,Native,Selfe, ,S113, , , , , , , , ,642,4.233,.01411475
South,Native,Selfe, ,S113, , , , , ,.015625,-.240449173481494, ,642,4.233,.01411475
South,Native,Selfe, ,S113, , , , , ,.016575,-.243910782979656, ,642,4.233,.01411475
South,Native,Selfe, ,S113, , , , , ,.016216,-.242614989573767, ,642,4.233,.01411475
South,Native,Selfe, ,S113, , , , , , , , ,642,4.233,.01411475
South,Native,Selfe, ,S113, ,642, ,4.233, ,.008043,-.207341844887507,.0394668518981929,642,4.233,.01411475
South,Native,Selfe, ,S115, , , , , ,.013043,-.230441099257239, ,351.2,4.6435,.0184365
South,Native,Selfe, ,S115, , , , , ,.019608,-.25433529563246, ,351.2,4.6435,.0184365
South,Native,Selfe, ,S115, , , , , ,.019108,-.252675314642837, ,351.2,4.6435,.0184365
South,Native,Selfe, ,S115, , , , , , , , ,351.2,4.6435,.0184365
South,Native,Selfe, ,S115, ,228, ,5.086, ,.016304,-.242933973702163,.0662266178532522,351.2,4.6435,.0184365
South,Native,Selfe, ,S115, ,297, ,4.774, ,.02381,-.267547818033776,.0580258853185659,351.2,4.6435,.0184365
South,Native,Selfe, ,S115, ,312, ,4.755, ,.021898,-.261686940699562,.0566138517072298,351.2,4.6435,.0184365
South,Native,Selfe, ,S115, ,324, ,3.959, ,.026087,-.274249243359107,.0555555555555556,351.2,4.6435,.0184365
South,Native,Selfe, ,S115, ,595, , , ,.007634,-.205122174550617,.0409960030845394,351.2,4.6435,.0184365
South,Native,Selfe, ,S116, , , , , , , , ,164, ,.0176406666666667
South,Native,Selfe, ,S116, , , , , , , , ,164, ,.0176406666666667
South,Native,Selfe, ,S116, , , , , , , , ,164, ,.0176406666666667
South,Native,Selfe, ,S116, , , , , ,.018182,-.249543137342318, ,164, ,.0176406666666667
South,Native,Selfe, ,S116, , , , , ,.015385,-.239557550415992, ,164, ,.0176406666666667
South,Native,Selfe, ,S116, , , , , , , , ,164, ,.0176406666666667
South,Native,Selfe, ,S116, , , , , , , , ,164, ,.0176406666666667
South,Native,Selfe, ,S116, ,164, , , ,.019355,-.253497987360216,.078086880944303,164, ,.0176406666666667
Invasive,Invasive,Sn,6,Sn1,46.225,263,.382678,4.51,.004091,.01440993789,-.235858113823397,.0616626415978207,196.4,4.256,.01688680256
Invasive,Invasive,Sn,6,Sn1,46.225,163,.382678,4.35,.004091,.01804347826,-.249067803053683,.0783260449987957,196.4,4.256,.01688680256
Invasive,Invasive,Sn,6,Sn1,46.225,203,.382678,3.74,.004091,.01804511278,-.249073422522771,.0701862406343596,196.4,4.256,.01688680256
Invasive,Invasive,Sn,6,Sn1,46.225,148,.382678,4.62,.004091,.01870967742,-.251337468468159,.0821994936526786,196.4,4.256,.01688680256
Invasive,Invasive,Sn,6,Sn1,46.225,205,.382678,4.06,.004091,.01522580645,-.238962130232897,.0698430295769578,196.4,4.256,.01688680256
Invasive,Invasive,Sn,6,Sn2,46.225,186,.382678,3.91,.004091,.01284722222,-.22964075873452,.0733235575106767,212,4.23666666666667,.012561438316
Invasive,Invasive,Sn,6,Sn2,46.225,179,.382678,4.24,.004091,.01571428571,-.240779061117439,.0747435092751936,212,4.23666666666667,.012561438316
Invasive,Invasive,Sn,6,Sn2,46.225,271,.382678,4.56,.004091,.009122807018,-.21290286145231,.0607456739230787,212,4.23666666666667,.012561438316
Invasive,Invasive,Sn,6,Sn3,46.225,224,.382678,4.76,.004091, , ,.0668153104781061,224,4.76, 
Invasive,Invasive,Sn,6,Sn4,46.225,137,.382678, ,.004091,.01715328467,-.245968236387729,.0854357657716761,196.5,4.54,.01395047411
Invasive,Invasive,Sn,6,Sn4,46.225,256,.382678,4.54,.004091,.01074766355,-.220601200859599,.0625,196.5,4.54,.01395047411
Invasive,Invasive,Sn,6,Sn5,46.225,165,.382678, ,.004091,.01490909091,-.237767790866502,.0778498944161523,209.666666666667,3.72,.01329286652175
Invasive,Invasive,Sn,6,Sn5,46.225,191,.382678,3.73,.004091,.02131578947,-.259854515326337,.0723574605292422,209.666666666667,3.72,.01329286652175
Invasive,Invasive,Sn,6,Sn5,46.225, ,.382678, ,.004091,.007886435331,-.206500169293036, ,209.666666666667,3.72,.01329286652175
Invasive,Invasive,Sn,6,Sn5,46.225,273,.382678,3.71,.004091,.009060150376,-.212590929015787,.0605227532668803,209.666666666667,3.72,.01329286652175
Invasive,Invasive,Sn,6,Sn5,46.225, ,.382678, ,.004091, , , ,209.666666666667,3.72,.01329286652175
North,Native,Taupo04, ,TP4-150, , , , , , , , , , ,.0171623333333333
North,Native,Taupo04, ,TP4-150, , , , , ,.014493,-.236178285527526, , , ,.0171623333333333
North,Native,Taupo04, ,TP4-150, , , , , ,.014778,-.237269557513064, , , ,.0171623333333333
North,Native,Taupo04, ,TP4-150, , , , , ,.022388,-.26321121731529, , , ,.0171623333333333
North,Native,Taupo04, ,TP4-150, , , , , ,.013333,-.231614814739626, , , ,.0171623333333333
North,Native,Taupo04, ,TP4-150, , , , , ,.027778,-.279055936249465, , , ,.0171623333333333
North,Native,Taupo04, ,TP4-150, , , , , ,.010204,-.218103674631423, , , ,.0171623333333333
North,Native,Taupo04, ,TP4-150, , , , , , , , , , ,.0171623333333333
North,Native,Taylor04, ,Ty4-149, , , , , ,.027778,-.279055936249465, ,176.333333333333,4.72,.0276395
North,Native,Taylor04, ,Ty4-149, , , , , , , , ,176.333333333333,4.72,.0276395
North,Native,Taylor04, ,Ty4-149, , , , , , , , ,176.333333333333,4.72,.0276395
North,Native,Taylor04, ,Ty4-149, , , , , , , , ,176.333333333333,4.72,.0276395
North,Native,Taylor04, ,Ty4-149, , , , , , , , ,176.333333333333,4.72,.0276395
North,Native,Taylor04, ,Ty4-149, , , , , , , , ,176.333333333333,4.72,.0276395
North,Native,Taylor04, ,Ty4-149, ,158, ,4.456, ,.026549,-.275575987125707,.079555728417573,176.333333333333,4.72,.0276395
North,Native,Taylor04, ,Ty4-149, ,161, ,5.075, ,.032609,-.292127148082198,.0788110406239101,176.333333333333,4.72,.0276395
North,Native,Taylor04, ,Ty4-149, ,210, ,4.629, ,.023622,-.266981576933456,.0690065559342354,176.333333333333,4.72,.0276395
North,Native,Waikaremoana01, ,WK1-148, , , , , , , , ,184.8,4.92,.0250186
North,Native,Waikaremoana01, ,WK1-148, , , , , ,.026786,-.276252563126599, ,184.8,4.92,.0250186
North,Native,Waikaremoana01, ,WK1-148, , , , , , , , ,184.8,4.92,.0250186
North,Native,Waikaremoana01, ,WK1-148, ,140, ,5.198, ,.027778,-.279055936249465,.0845154254728517,184.8,4.92,.0250186
North,Native,Waikaremoana01, ,WK1-148, ,153, , , ,.028571,-.2812652273969,.0808452083454443,184.8,4.92,.0250186
North,Native,Waikaremoana01, ,WK1-148, ,197, , , ,.020979,-.258783544263903,.0712470499879097,184.8,4.92,.0250186
North,Native,Waikaremoana01, ,WK1-148, ,200, ,4.916, ,.020979,-.258783544263903,.0707106781186548,184.8,4.92,.0250186
North,Native,Waikaremoana01, ,WK1-148, ,234, ,4.646, , , ,.0653720450460613,184.8,4.92,.0250186
