Status,Population,Family,Ageatmaturity,Finallength,growthrate3mm,Ageatmaturitytimes100,Finallengthtimes100,growthratetimes100,Ageatmaturityboxcox,Finallengthboxcox,growthrate3mmboxcox,ResidualAgeatmaturity,ResidualFinallength
Invasive,Gb,Gb4,179,5.21,.01700934579,17900,521,1.700934579,.279981,521,.53063,1.27357726719831,.50705959829139
Invasive,Gb,Gb4,268,5.55,.01401162791,26800,555,1.401162791,.26567,555,.33647,.0475111666832317,1.21025936445058
Invasive,Gb,Gb4,213,4.89,.01471698113,21300,489,1.471698113,.273723,489,.38526,.827873747200568,.047171113250025
Invasive,Gb,Gb4,215,4.25,.02794871795,21500,425,2.794871795,.27339,425,1.02604,-.165808254664039,-1.44594394799762
Invasive,Gb,Gb4,177,5.17,.0275,17700,517,2.75,.280391,517,1.0116,.597650357197749,.142358779527556
Invasive,Gb,Gb5,161,4.34,.01327102804,16100,434,1.327102804,.283866,434,.28518,2.05236367304156,-.835446535766152
Invasive,Gb,Gb5,191,5.01,.02337349398,19100,501,2.337349398,.27763,501,.85015,.546556904876784,-.0329517936545686
Invasive,Gb,Gb5,140,4.9,.01714285714,14000,490,1.714285714,.28907,490,.53649,2.22792874068528,-.0287413720214088
Invasive,Gb,Gb5, , ,.01568807339, , ,1.568807339, , ,.45108, , 
Invasive,Gb,Gb5,173,4.88,.01510344828,17300,488,1.510344828,.281225,488,.41211,1.58266460712673,.0134777422063522
Invasive,Md,Md1,211,5.2,.01342105263,21100,520,1.342105263,.274059,520,.29267,1.00196211321632,.636353237640817
Invasive,Md,Md1,241,5.22,.01422077922,24100,522,1.422077922,.269363,522,.35066,.417616437442912,.634996279751556
Invasive,Md,Md2,211,4.4,.01879699248,21100,440,1.879699248,.274059,440,.63127,.495528131622983,-.945454965526458
Invasive,Md,Md2,142,4.87,.02604166667,14200,487,2.604166667,.288538,487,.95551,1.54483955660038,-.338145239571645
Invasive,Md,Md2, , ,.02666666667, , ,2.666666667, , ,.98208, , 
Invasive,Md,Md2,137,4.84,.02564102564,13700,484,2.564102564,.289885,484,.94001,1.71075733419856,-.380107863377271
Invasive,Md,Md3,260,4.93,.0137012987,26000,493,1.37012987,.266719,493,.31481,.191064696550341,.159202367017915
Invasive,Md,Md3,189,5.48,.01916666667,18900,548,1.916666667,.27801,548,.65233,.882697123209033,.895678874280616
Invasive,Mr,Mr1,214,4.84,.01278911565,21400,484,1.278911565,.273556,484,.24686,1.01717836510072,.0465166834826583
Invasive,Mr,Mr1, , , , , , , , , , , 
Invasive,Mr,Mr1, , , , , , , , , , , 
Invasive,Mr,Mr1,203,4.57,.01911504425,20300,457,1.911504425,.275439,457,.6471,.618083402842418,-.663349676093197
Invasive,Mr,Mr2,240,4.71,.015625,24000,471,1.5625,.269509,471,.44469,.292449447613412,-.298423254236199
Invasive,Mr,Mr2, , ,.01837837838, , ,1.837837838, , ,.60977, , 
Invasive,Mr,Mr2,179,4.81,.01683823529,17900,481,1.683823529,.279981,481,.51879,1.29128600418019,-.172355257936686
Invasive,Mr,Mr2,214,4.87,.01377245509,21400,487,1.377245509,.273556,487,.32208,.904674041133058,.0517224466686858
Invasive,Mr,Mr3,206,4.42,.01853448276,20600,442,1.853448276,.274914,442,.61519,.610178606292685,-.901222829877647
Invasive,Mr,Mr3,227,4.8,.01224719101,22700,480,1.224719101,.271467,480,.19885,.867624563938836,.00739597407172913
Invasive,Mr,Mr3,225,4.86,.0125,22500,486,1.25,.271779,486,.22314,.864355818500269,.0954511368664621
Invasive,Mr,Mr3, , ,.007822878229, , ,.7822878229, , ,-.24846, , 
Invasive,Mr,Mr3,207,4.52,.01485714286,20700,452,1.485714286,.274741,452,.39878,.915524678302832,-.596349817191669
Invasive,Mr,Mr4,262,4.25,.01427586207,26200,425,1.427586207,.266453,425,.35767,.098773568868579,-1.03457115944569
Invasive,Mr,Mr4,324,4.8,.007879858657,32400,480,.7879858657,.259197,480,-.23572,.217407186710715,.274867992147066
Invasive,Mr,Mr4,212,4.47,.01395833333,21200,447,1.395833333,.27389,447,.33647,.918543662715833,-.643836623458454
Invasive,Mr,Mr4, , , , , , , , , , , 
Invasive,Mr,Mr4,263,4.39,.01018691589,26300,439,1.018691589,.266321,439,.0198,.590128327956106,-.58627092078476
Invasive,Mr,Mr5,275,4.37,.02044247788,27500,437,2.044247788,.264781,437,.71295,-.609781714090391,-1.04723057853189
Invasive,Mr,Mr5, , , , , , , , , , , 
Invasive,Mr,Mr5,254,4.84,.01424836601,25400,484,1.424836601,.267529,484,.35066,.223276583705224,-.0173708271053252
Invasive,Mr,Mr5,229,4.52,.01442176871,22900,452,1.442176871,.271157,452,.36464,.586808218688938,-.575337104171691
Invasive,Mr,Mr5,270,4.68,.01220930233,27000,468,1.220930233,.265413,468,.19885,.22611230956154,-.198614691251496
Invasive,PA,PA1,165,4.71,.02148148148,16500,471,2.148148148,.282961,471,.76547,1.23810981252073,-.49585905044442
Invasive,PA,PA1, , , , , , , , , , , 
Invasive,PA,PA1, , , , , , , , , , , 
Invasive,PA,PA1,165,5.32,.01829059829,16500,532,1.829059829,.282961,532,.60432,1.47913708993882,.650547499546461
Invasive,PA,PA1,151,5.24,.02111111111,15100,524,2.111111111,.286242,524,.74669,1.61386974499991,.425580226687324
Invasive,PA,PA2,202,5.14,.01601503759,20200,514,1.601503759,.275616,514,.47,.901722431615185,.424203663624994
Invasive,PA,PA2,195,4.73,.01841269841,19500,473,1.841269841,.276882,473,.60977,.82682430654038,-.36569267367524
Invasive,PA,PA2,205,5.3,.01796992481,20500,530,1.796992481,.275088,530,.58779,.669597888119947,.626386382397401
Invasive,PA,PA2,178,4.94,.02024590164,17800,494,2.024590164,.280185,494,.7031,1.03723586624704,-.0626173750934734
Invasive,PA,PA2,111,4.9,.01785123967,11100,490,1.785123967,.297926,490,.58222,3.09795798663356,-.0568875749037642
Invasive,PA,PA3,154,5.8,.0220754717,15400,580,2.20754717,.285511,580,.79299,1.46715977521371,1.35846630127641
Invasive,PA,PA3,226,5.25,.01609929078,22600,525,1.609929078,.271623,525,.47623,.469286065088696,.609212291896109
Invasive,PA,PA3,340,4.7,.01411764706,34000,470,1.411764706,.257577,470,.34359,-.820712944235423,-.253365112951043
Invasive,PA,PA3,315,4.23,.01043290043,31500,423,1.043290043,.260147,423,.03922,-.0931456475421052,-.872904557936523
Invasive,PA,PA3, , , , , , , , , , , 
Invasive,PA,PA5, , , , , , , , , , , 
Invasive,PA,PA5,180,5.25,.01910569106,18000,525,1.910569106,.279779,525,.6471,1.07797160634382,.504044094071748
Invasive,PA,PA5,171,5.37,.02397959184,17100,537,2.397959184,.28165,537,.87547,.934665927403732,.569496081235265
Invasive,PA,PA5,165,4.71,.02018691589,16500,471,2.018691589,.282961,471,.7031,1.33139477244978,-.457471150296322
Invasive,PA,PA5,172,5.49,.02059405941,17200,549,2.059405941,.281437,549,.72271,1.1405739804788,.869528481793753
Invasive,Pc,Pc2,206,3.8,.01554140127,20600,380,1.554140127,.274914,380,.43825,.874822518587798,-1.85670706580643
Invasive,Pc,Pc2,177,4.89,.01889908257,17700,489,1.889908257,.280391,489,.63658,1.1585566530546,-.107512982713096
Invasive,Pc,Pc2,175,4.81,.02306122449,17500,481,2.306122449,.280805,481,.83725,.90229000315125,-.368363125199203
Invasive,Pc,Pc3,168,3.76,.01971428571,16800,376,1.971428571,.282299,376,.67803,1.29874238241695,-2.07295866801231
Invasive,Pc,Pc3,152,5.02,.02417582418,15200,502,2.417582418,.285996,502,.88377,1.38277585711666,-.0364768981913906
Invasive,Pc,Pc3,141,5.14,.02357894737,14100,514,2.357894737,.288803,514,.85866,1.71777596162753,.184988636022628
Invasive,Pc,Pc3,162,5.77, ,16200,577, ,.283637,577, , , 
Invasive,Pc,Pc5, , , , , , , , , , , 
Invasive,Pc,Pc5,156,4,.01990909091,15600,400,1.990909091,.285032,400,.68813,1.57323852202689,-1.66715375217259
Invasive,Pc,Pc5,151,4.3,.02181818182,15100,430,2.181818182,.286242,430,.77932,1.56506602137502,-1.20825331324332
Invasive,Pc,Pc5, , , , , , , , , , , 
Invasive,Pc,Pc5, , , , , , , , , , , 
Invasive,Pc,Pc6,186,4.86,.025,18600,486,2.5,.278589,486,.91629,.549253725586642,-.331173409993468
Invasive,Pc,Pc6,219,3.87, ,21900,387, ,.272736,387, , , 
Invasive,Pc,Pc6,281, ,.009162995595,28100, ,.9162995595,.264039, ,-.08338,.502639410577531, 
Invasive,Pc,Pc6,192,4.34,.01676767677,19200,434,1.676767677,.277441,434,.51879,1.02213484360564,-.979230363785986
Invasive,Sn,Sn1,263,4.51,.01440993789,26300,451,1.440993789,.266321,451,.36464,.0743613633588092,-.592504659615293
Invasive,Sn,Sn1,163,4.35,.01804347826,16300,435,1.804347826,.28341,435,.58779,1.55143881658507,-1.0045313847448
Invasive,Sn,Sn1,203,3.74,.01804511278,20300,374,1.804511278,.275439,374,.58779,.706791611490681,-2.05175226680453
Invasive,Sn,Sn1,148,4.62,.01870967742,14800,462,1.870967742,.286989,462,.62594,1.87362781296339,-.564488202111778
Invasive,Sn,Sn1,205,4.06,.01522580645,20500,406,1.522580645,.275088,406,.41871,.922485831438906,-1.39832401582491
Invasive,Sn,Sn2,186,3.91,.01284722222,18600,391,1.284722222,.278589,391,.24686,1.55050033012895,-1.55006597277234
Invasive,Sn,Sn2,179,4.24,.01571428571,17900,424,1.571428571,.279981,424,.45108,1.39255784379532,-1.10923131955233
Invasive,Sn,Sn2,271,4.56,.009122807018,27100,456,.9122807018,.265286,456,-.09431,.651125472276763,-.224189300659759
Invasive,Sn,Sn3,224,4.76, ,22400,476, ,.271937,476, , , 
Invasive,Sn,Sn4,137, ,.01715328467,13700, ,1.715328467,.289885, ,.54232,2.30557047696245, 
Invasive,Sn,Sn4,256,4.54,.01074766355,25600,454,1.074766355,.267257,454,.06766,.617728807173945,-.358214778502027
Invasive,Sn,Sn5,165, ,.01490909091,16500, ,1.490909091,.282961, ,.39878,1.78655717433543, 
Invasive,Sn,Sn5,191,3.73,.02131578947,19100,373,2.131578947,.27763,373,.75612,.687194788188125,-2.17252468407159
Invasive,Sn,Sn5, , ,.007886435331, , ,.7886435331, , ,-.23572, , 
Invasive,Sn,Sn5,273,3.71,.009060150376,27300,371,.9060150376,.265032,371,-.09431,.624210356219304,-1.68343151336594
Invasive,Sn,Sn5, , , , , , , , , , , 
Native,RotoroaS, , , , , , , , , , , , 
Native,AlexIsoe,AI1, , , , , , , , , , , 
Native,AlexIsoe,AI1, , , , , , , , , , , 
Native,AlexIsoe,AI1,201,4.351,.028302,20100,435.1,2.8302,.275794,435.1,1.04028,.0676333168375867,-1.28131616740812
Native,AlexIsoe,AI1,215, ,.022388,21500, ,2.2388,.27339, ,.80648,.162581128084435, 
Native,AlexIsoe,AI1,220,5.074,.020548,22000,507.4,2.0548,.272574,507.4,.71784,.208689888731862,.158355595152655
Native,AlexIsoe,AI1,313,4.629, ,31300,462.9, ,.260363,462.9, , , 
Native,AlexIsoe,AI1,416,4.886,.008772,41600,488.6,.8772,.25091,488.6,-.12783,-.822092840326404,.356104118120642
Native,AlexIsoe,AI10, , ,.012097, , ,1.2097, , ,.19062, , 
Native,AlexIsoe,AI10, , , , , , , , , , , 
Native,AlexIsoe,AI10, , , , , , , , , , , 
Native,AlexIsoe,AI10, , , , , , , , , , , 
Native,AlexIsoe,AI10, , , , , , , , , , , 
Native,AlexIsoe,AI10, , , , , , , , , , , 
Native,AlexIsoe,AI10, , , , , , , , , , , 
Native,AlexIsoe,AI10, , , , , , , , , , , 
Native,AlexIsoe,AI10,350,5.586,.015873,35000,558.6,1.5873,.256609,558.6,.46373,-1.10297692355391,1.19373573748274
Native,AlexIsoe,AI12, , ,.022388, , ,2.2388, , ,.80648, , 
Native,AlexIsoe,AI12, , ,.020548, , ,2.0548, , ,.71784, , 
Native,AlexIsoe,AI12, , , , , , , , , , , 
Native,AlexIsoe,AI12, , ,.008772, , ,.8772, , ,-.12783, , 
Native,AlexIsoe,AI12, , ,.012, , ,1.2, , ,.18232, , 
Native,AlexIsoe,AI12, , , , , , , , , , , 
Native,AlexIsoe,AI12, , , , , , , , , , , 
Native,AlexIsoe,AI12,166,5.092,.030928,16600,509.2,3.0928,.282739,509.2,1.12817,.672105940120976,-.0632954275880439
Native,AlexIsoe,AI17, , , , , , , , , , , 
Native,AlexIsoe,AI17, , , , , , , , , , , 
Native,AlexIsoe,AI17, , , , , , , , , , , 
Native,AlexIsoe,AI17, , , , , , , , , , , 
Native,AlexIsoe,AI17, , , , , , , , , , , 
Native,AlexIsoe,AI17,430,6.033,.012448,43000,603.3,1.2448,.249833,603.3,.21511,-1.44914236193719,2.11414774791565
Native,AlexIsoe,AI18, , , , , , , , , , , 
Native,AlexIsoe,AI18, , , , , , , , , , , 
Native,AlexIsoe,AI18, , , , , , , , , , , 
Native,AlexIsoe,AI18,250,5.37,.032609,25000,537,3.2609,.268082,537,1.18173,-.961131518540164,.380997150669987
Native,AlexIsoe,AI18,315,5.202,.022388,31500,520.2,2.2388,.260147,520.2,.80648,-1.24071368273792,.323543571319021
Native,AlexIsoe,AI18,329,4.786,.011029,32900,478.6,1.1029,.258681,478.6,.09531,-.332382522614598,.0470888805188925
Native,AlexIsoe,AI19, , , , , , , , , , , 
Native,AlexIsoe,AI19, , , , , , , , , , , 
Native,AlexIsoe,AI19, , ,.013216, , ,1.3216, , ,.27763, , 
Native,AlexIsoe,AI19, , , , , , , , , , , 
Native,AlexIsoe,AI19, , ,.023077, , ,2.3077, , ,.83725, , 
Native,AlexIsoe,AI19,184,4.603,.032609,18400,460.3,3.2609,.27898,460.3,1.18173,.193675311358047,-.935754351854296
Native,AlexIsoe,AI19,243,4.995,.019608,24300,499.5,1.9608,.269074,499.5,.67294,-.0950320958783545,.0503672561404954
Native,AlexIsoe,AI19,270,4.014,.019108,27000,401.4,1.9108,.265413,401.4,.6471,-.444321926260117,-1.61786575875748
Native,AlexIsoe,AI19,493,3.959,.006865,49300,395.9,.6865,.245431,395.9,-.37106,-1.03888330598226,-1.08562346224968
Native,AlexIsoe,AI3, , ,.012, , ,1.2, , ,.18232, , 
Native,AlexIsoe,AI3, , , , , , , , , , , 
Native,AlexIsoe,AI3, , , , , , , , , , , 
Native,AlexIsoe,AI3, , ,.016393, , ,1.6393, , ,.4947, , 
Native,AlexIsoe,AI3, , , , , , , , , , , 
Native,AlexIsoe,AI3, , , , , , , , , , , 
Native,AlexIsoe,AI3, , , , , , , , , , , 
Native,AlexIsoe,AI3, , , , , , , , , , , 
Native,AlexIsoe,AI4, , , , , , , , , , , 
Native,AlexIsoe,AI4, , , , , , , , , , , 
Native,AlexIsoe,AI4, , , , , , , , , , , 
Native,AlexIsoe,AI4, , , , , , , , , , , 
Native,AlexIsoe,AI4, , , , , , , , , , , 
Native,AlexIsoe,AI4,257,4.249,.017751,25700,424.9,1.7751,.267121,424.9,.57661,-.157903862330277,-1.17104255437476
Native,AlexIsoe,AI4,359,4.539,.010417,35900,453.9,1.0417,.255763,453.9,.03922,-.557696312092825,-.342427094729218
Native,AlexIsoe,AI4,526,5.335,.006579,52600,533.5,.6579,.243373,533.5,-.41552,-1.19046182115871,1.30399670167187
Native,AlexIsoe,AI6, , , , , , , , , , , 
Native,AlexIsoe,AI6, , , , , , , , , , , 
Native,AlexIsoe,AI6, , ,.013216, , ,1.3216, , ,.27763, , 
Native,AlexIsoe,AI6, , , , , , , , , , , 
Native,AlexIsoe,AI6,212,3.998,.023077,21200,399.8,2.3077,.27389,399.8,.83725,.169541863240613,-1.7623686272197
Native,AlexIsoe,AI6,241,4.957,.015957,24100,495.7,1.5957,.269363,495.7,.47,.239123137492087,.110037399007075
Native,AlexIsoe,AI6,285,5.308,.017241,28500,530.8,1.7241,.263554,530.8,.54232,-.484594565985771,.66810660311486
Native,AlexIsoe,AI6,310,4.677, ,31000,467.7, ,.260689,467.7, , , 
Native,AlexIsoe,AI7, , , , , , , , , , , 
Native,AlexIsoe,AI7, , , , , , , , , , , 
Native,AlexIsoe,AI7,380,5.076,.021583,38000,507.6,2.1583,.25388,507.6,.77011,-1.85039895644903,.129617620900009
Native,AlexShal,AS21,163,4.413,.0375,16300,441.3,3.75,.28341,441.3,1.32176,.453661647447268,-1.34812449591506
Native,AlexShal,AS21,221,4.875,.02459,22100,487.5,2.459,.272414,487.5,.90016,-.0809551338791868,-.295494277735732
Native,AlexShal,AS21,226,4.566,.02459,22600,456.6,2.459,.271623,456.6,.90016,-.16477346774315,-.825971740943037
Native,AlexShal,AS21,231,4.651, ,23100,465.1, ,.270851,465.1, , , 
Native,AlexShal,AS21,235,3.969, ,23500,396.9, ,.270247,396.9, , , 
Native,AlexShal,AS21,242,4.851,.017544,24200,485.1,1.7544,.269218,485.1,.55962,.0897162319803589,-.127098599089087
Native,AlexShal,AS21,332,5.239, ,33200,523.9, ,.258376,523.9, , , 
Native,AlexShal,AS21,345,4.496, ,34500,449.6, ,.257089,449.6, , , 
Native,AlexShal,AS21,450,4.878,.007353,45000,487.8,.7353,.24836,487.8,-.30111,-.833133892337039,.449021594331133
Native,AlexShal,AS26, , , , , , , , , , , 
Native,AlexShal,AS26, , ,.015873, , ,1.5873, , ,.46373, , 
Native,AlexShal,AS26, , , , , , , , , , , 
Native,AlexShal,AS26,117,5.083,.031915,11700,508.3,3.1915,.295894,508.3,1.16002,2.01843872809527,-.098349476159995
Native,AlexShal,AS26,135,5.197,.02459,13500,519.7,2.459,.29044,519.7,.90016,1.82917038600933,.257301007548257
Native,AlexShal,AS26,180, ,.028302,18000, ,2.8302,.279779, ,1.04028,.489903936872858, 
Native,AlexShal,AS26,205, ,.027778,20500, ,2.7778,.275088, ,1.02245,.0194898123982737, 
Native,AlexShal,AS26,217,4.272, ,21700,427.2, ,.273061,427.2, , , 
Native,AlexShal,AS27, , , , , , , , , , , 
Native,AlexShal,AS27, , ,.030928, , ,3.0928, , ,1.12817, , 
Native,AlexShal,AS27, , ,.015707, , ,1.5707, , ,.45108, , 
Native,AlexShal,AS27, , , , , , , , , , , 
Native,AlexShal,AS27,154,5.14, ,15400,514, ,.285511,514, , , 
Native,AlexShal,AS27,242,5.147,.02,24200,514.7,2,.269218,514.7,.69315,-.110000630282367,.298875114403642
Native,AlexShal,AS27,308,5.282,.023256,30800,528.2,2.3256,.260909,528.2,.84587,-1.21888278977808,.436639997121589
Native,AlexShal,AS27,336,5.36,.01145,33600,536,1.145,.257974,536,.13976,-.473782341675027,1.00514818296589
Native,AlexShal,AS32, , , , , , , , , , , 
Native,AlexShal,AS32, , , , , , , , , , , 
Native,AlexShal,AS32,159,5.6,.043478,15900,560,4.3478,.284327,560,1.47018,.328844180494246,.598313811912297
Native,AlexShal,AS32,187,5.264,.028302,18700,526.4,2.8302,.278394,526.4,1.04028,.343142378843031,.286081644592758
Native,AlexShal,AS32,252, ,.026087,25200, ,2.6087,.267805, ,.95935,-.657876657001631, 
Native,AlexShal,AS32,259,5.992,.024,25900,599.2,2.4,.266852,599.2,.87547,-.633404495502649,1.63731802982732
Native,AlexShal,AS32,271,5.259, ,27100,525.9, ,.265286,525.9, , , 
Native,AlexShal,AS32,294,5.177, ,29400,517.7, ,.262491,517.7, , , 
Native,AlexShal,AS35, , , , , , , , , , , 
Native,AlexShal,AS35, , , , , , , , , , , 
Native,AlexShal,AS35, , , , , , , , , , , 
Native,AlexShal,AS35, , ,.032609, , ,3.2609, , ,1.18173, , 
Native,AlexShal,AS35, , ,.019608, , ,1.9608, , ,.67294, , 
Native,AlexShal,AS35, , ,.019108, , ,1.9108, , ,.6471, , 
Native,AlexShal,AS35, , ,.006865, , ,.6865, , ,-.37106, , 
Native,AlexShal,AS35,184, ,.019108,18400, ,1.9108,.27898, ,.6471,.993305552289067, 
Native,AlexShal,AS36, , ,.02459, , ,2.459, , ,.90016, , 
Native,AlexShal,AS36, , ,.02459, , ,2.459, , ,.90016, , 
Native,AlexShal,AS36, , , , , , , , , , , 
Native,AlexShal,AS36, , , , , , , , , , , 
Native,AlexShal,AS36,185,5.085,.027027,18500,508.5,2.7027,.278784,508.5,.99325,.454810114854819,.00772873763352248
Native,AlexShal,AS36,379,4.874,.025424,37900,487.4,2.5424,.253967,487.4,.93216,-2.0835533801102,-.316906604944982
Native,AlexShal,AS39, , , , , , , , , , , 
Native,AlexShal,AS39,144,5.94,.007353,14400,594,.7353,.288014,594,-.30111,3.3688031633414,2.27221598244168
Native,AlexShal,AS39,154,5.512,.035294,15400,551.2,3.5294,.285511,551.2,1.2613,.766722392106873,.575802168051162
Native,AlexShal,AS39,156, , ,15600, , ,.285032, , , , 
Native,AlexShal,AS39,196,5.627, ,19600,562.7, ,.276698,562.7, , , 
Native,AlexShal,AS39,200,4.07,.031915,20000,407,3.1915,.275973,407,1.16002,-.092490511985675,-1.83742284259689
Native,AlexShal,AS39,213, ,.02459,21300, ,2.459,.273723, ,.90016,.0577530823381707, 
Native,AlexShal,AS39,275,6.113,.035294,27500,611.3,3.5294,.264781,611.3,1.2613,-1.42993255226732,1.60757225021165
Native,AlexShal,AS39,296,4.121,.015228,29600,412.1,1.5228,.26226,412.1,.41871,-.436833494486423,-1.29360192761893
Native,Clearwat,CW1-146, , , , , , , , , , , 
Native,Clearwat,CW1-146, , , , , , , , , , , 
Native,Clearwat,CW1-146, , , , , , , , , , , 
Native,Clearwat,CW1-146, , ,.015707, , ,1.5707, , ,.45108, , 
Native,Clearwat,CW1-146, , , , , , , , , , , 
Native,Clearwat,CW1-146, , , , , , , , , , , 
Native,Clearwat,CW1-146, , ,.02, , ,2, , ,.69315, , 
Native,Clearwat,CW1-146, , ,.023256, , ,2.3256, , ,.84587, , 
Native,Clearwat,CW1-146,177, ,.021898,17700, ,2.1898,.280391, ,.7839,.938214496621261, 
Native,Clearwat,CW1-146,183,4.321,.025,18300,432.1,2.5,.279178,432.1,.91629,.611667124633261,-1.25650464840362
Native,Clearwat,CW1-146,248,3.403,.015544,24800,340.3,1.5544,.268362,340.3,.43825,.180539682334075,-2.53825901691744
Native,Clearwat,CW1-146,438,3.826,.007335,43800,382.6,.7335,.249235,382.6,-.31471,-.720073379666313,-1.34863462037823
Native,Clearwat,CW1-147, , ,.028302, , ,2.8302, , ,1.04028, , 
Native,Clearwat,CW1-147,158,5.211,.029703,15800,521.1,2.9703,.28456,521.1,1.08856,.924311751238862,.165377906992267
Native,Clearwat,CW1-147,175,5.634,.031915,17500,563.4,3.1915,.280805,563.4,1.16002,.419532483249061,.847582828782481
Native,Clearwat,CW1-147,186,5.35,.02459,18600,535,2.459,.278589,535,.90016,.573378888383745,.519964605835369
Native,Clearwat,CW1-147,236, ,.024,23600, ,2.4,.270098, ,.87547,-.289442028091232, 
Native,Clearwat,CW1-147,252,5.335,.019608,25200,533.5,1.9608,.267805,533.5,.67294,-.229501711141778,.634064141222968
Native,Clearwat,CW1-147,315,4.712,.018519,31500,471.2,1.8519,.260147,471.2,.61519,-.954606900874394,-.399930210924465
Native,Clearwat,CW1-147,366,4.574,.019608,36600,457.4,1.9608,.255122,457.4,.67294,-1.57345610860911,-.672386828035154
Native,Gunn 03,GN3-184, , ,.03, , ,3, , ,1.09861, , 
Native,Gunn 03,GN3-184,190,6.229,.0375,19000,622.9,3.75,.277819,622.9,1.32176,-.138788800888289,1.76950357264308
Native,Gunn 03,GN3-184,195,5.802,.034884,19500,580.2,3.4884,.276882,580.2,1.2499,-.130599156653182,1.08067782332124
Native,Gunn 03,GN3-184,202,6.025,.032609,20200,602.5,3.2609,.275616,602.5,1.18173,-.162791028867458,1.50547203222593
Native,Gunn 03,GN3-184,222,6.235,.022059,22200,623.5,2.2059,.272254,623.5,.79299,.0623814540574836,2.1052549630731
Native,Gunn 03,GN3-184,233, , ,23300, , ,.270548, , , , 
Native,Gunn 03,GN3-184,322,4.951,.013636,32200,495.1,1.3636,.259405,495.1,.30748,-.573000224186792,.199765750333969
Native,Gunn 03,GN3-184,431,5.388, ,43100,538.8, ,.249757,538.8, , , 
Native,Gunn09,GN9-155,154,3.548,.036145,15400,354.8,3.6145,.285511,354.8,1.28371,.733204419491675,-2.80969877610386
Native,Gunn09,GN9-155,175,4.084,.024,17500,408.4,2.4,.280805,408.4,.87547,.845125482251964,-1.63825154881197
Native,Gunn09,GN9-155,201,3.588,.019355,20100,358.8,1.9355,.275794,358.8,.66269,.632383485502166,-2.35879905697541
Native,Gunn09,GN9-155,224,3.782,.015707,22400,378.2,1.5707,.271937,378.2,.45108,.540175191960011,-1.89550535886931
Native,Grasmere,GR41, , ,.01875, , ,1.875, , ,.63127, , 
Native,Grasmere,GR41, , ,.031915, , ,3.1915, , ,1.16002, , 
Native,Grasmere,GR41, , , , , , , , , , , 
Native,Grasmere,GR41,216,5.963,.024793,21600,596.3,2.4793,.273225,596.3,.90826,-.0071324293991725,1.5673503129505
Native,Grasmere,GR41,216,6.094,.023256,21600,609.4,2.3256,.273225,609.4,.84587,.0861824439369448,1.83064549914208
Native,Grasmere,GR41,358,5.875,.014706,35800,587.5,1.4706,.255856,587.5,.38526,-1.06540333389609,1.73817532444483
Native,Grasmere,GR41,380,4.867,.012448,38000,486.7,1.2448,.25388,486.7,.21511,-1.02030191042333,.112410783191641
Native,Grasmere,GR41,408,5.701,.016854,40800,570.1,1.6854,.251544,570.1,.52473,-1.73092566089045,1.35361794159797
Native,Grasmere,GR44,176,5.808, ,17600,580.8, ,.280597,580.8, , , 
Native,Grasmere,GR44,206,5.95,.017751,20600,595,1.7751,.274914,595,.57661,.667881568519121,1.74915862658196
Native,Grasmere,GR44,214, ,.025424,21400, ,2.5424,.273556, ,.93216,-.00780452794686297, 
Native,Grasmere,GR44,228,6.015, ,22800,601.5, ,.271312,601.5, , , 
Native,Grasmere,GR44,235,6.51, ,23500,651, ,.270247,651, , , 
Native,Grasmere,GR44,239,6.186,.039474,23900,618.6,3.9474,.269655,618.6,1.37372,-1.08160228713763,1.66370239974473
Native,Grasmere,GR44,280,6.232,.016216,28000,623.2,1.6216,.264161,623.2,.48243,-.330698099056772,2.29125021944777
Native,Grasmere,GR44,282,5.887,.045455,28200,588.7,4.5455,.263917,588.7,1.51513,-1.90113233862482,1.06335652982066
Native,Grasmere,GR44,434,6.932, ,43400,693.2, ,.249532,693.2, , , 
Native,Grasmere,GR45, , , , , , , , , , , 
Native,Grasmere,GR45, , ,.035294, , ,3.5294, , ,1.2613, , 
Native,Grasmere,GR45, , ,.015228, , ,1.5228, , ,.41871, , 
Native,Grasmere,GR45, , , , , , , , , , , 
Native,Grasmere,GR45, , , , , , , , , , , 
Native,Grasmere,GR45, , , , , , , , , , , 
Native,Grasmere,GR45, , , , , , , , , , , 
Native,Grasmere,GR45,583,5.208,.006742,58300,520.8,.6742,.240139,520.8,-.40048,-1.55564759039606,1.07671182885563
Native,Grasmere,GR48, , , , , , , , , , , 
Native,Grasmere,GR48, , , , , , , , , , , 
Native,Grasmere,GR48, , , , , , , , , , , 
Native,Grasmere,GR48, , ,.021898, , ,2.1898, , ,.7839, , 
Native,Grasmere,GR48, , ,.025, , ,2.5, , ,.91629, , 
Native,Grasmere,GR48,270,4.61,.018293,27000,461,1.8293,.265413,461,.60432,-.38033714855024,-.56834893694929
Native,Grasmere,GR48,297,4.355,.014634,29700,435.5,1.4634,.262145,435.5,.37844,-.388788827105623,-.867095484271609
Native,Grasmere,GR48,364,4.501, ,36400,450.1, ,.255304,450.1, , , 
Native,Grasmere,GR48,457, ,.029703,45700, ,2.9703,.247863, ,1.08856,-2.9642867289203, 
Native,Grasmere,GR49, , ,.031915, , ,3.1915, , ,1.16002, , 
Native,Grasmere,GR49, , ,.02459, , ,2.459, , ,.90016, , 
Native,Grasmere,GR49, , ,.024, , ,2.4, , ,.87547, , 
Native,Grasmere,GR49, , ,.019608, , ,1.9608, , ,.67294, , 
Native,Grasmere,GR49,206, ,.018519,20600, ,1.8519,.274914, ,.61519,.610178606292685, 
Native,Grasmere,GR49,220,5.079,.01875,22000,507.9,1.875,.272574,507.9,.63127,.338170071208333,.220222049094126
Native,Grasmere,GR49,227,5.37,.016575,22700,537,1.6575,.271467,537,.50682,.407002965263999,.79639522168093
Native,Grasmere,GR49,348,4.631,.011364,34800,463.1,1.1364,.2568,463.1,.13103,-.58512807748944,-.240993410727873
Native,Grasmere,GR50, , , , , , , , , , , 
Native,Grasmere,GR50, , ,.024793, , ,2.4793, , ,.90826, , 
Native,Grasmere,GR50, , ,.023256, , ,2.3256, , ,.84587, , 
Native,Grasmere,GR50, , ,.014706, , ,1.4706, , ,.38526, , 
Native,Grasmere,GR50, , ,.012448, , ,1.2448, , ,.21511, , 
Native,Grasmere,GR50,273,4.592,.016393,27300,459.2,1.6393,.265032,459.2,.4947,-.256754438518704,-.531780894063239
Native,Grasmere,GR50,343,4.864,.016854,34300,486.4,1.6854,.257283,486.4,.52473,-1.12279238902536,-.0833064490315309
Native,Grasmere,GR51, , ,.017751, , ,1.7751, , ,.57661, , 
Native,Grasmere,GR51, , , , , , , , , , , 
Native,Grasmere,GR51, , , , , , , , , , , 
Native,Grasmere,GR51, , , , , , , , , , , 
Native,Grasmere,GR51,163,4.962,.026549,16300,496.2,2.6549,.28341,496.2,.97456,.972958394078115,-.19192874949726
Native,Grasmere,GR51,203,4.686,.027027,20300,468.6,2.7027,.275439,468.6,.99325,.10035711008243,-.677256724566202
Native,Grasmere,GR51,243,5.494,.045455,24300,549.4,4.5455,.269074,549.4,1.51513,-1.3546707106394,.388671600887092
Native,Grasmere,GR51,392,4.374,.009346,39200,437.4,.9346,.252856,437.4,-.07257,-.698535647635515,-.556886510910592
Native,Grasmere,GR54, , , , , , , , , , , 
Native,Grasmere,GR54, , , , , , , , , , , 
Native,Grasmere,GR54,135,5.468, ,13500,546.8, ,.29044,546.8, , , 
Native,Grasmere,GR54,205,4.591,.03,20500,459.1,3,.275088,459.1,1.09861,-.0944204417013961,-.90519617098707
Native,Grasmere,GR54,257,4.92,.03,25700,492,3,.267121,492,1.09861,-.93864378670039,-.34038359689256
Native,Grasmere,GR54,258,4.967,.024793,25800,496.7,2.4793,.266987,496.7,.90826,-.668142248164547,-.142538209232268
Native,Grasmere,GR54,281,5.24,.015707,28100,524,1.5707,.264039,524,.45108,-.296736566393449,.60752422480788
Native,Grasmere,GR54,358,5.178,.010638,35800,517.8,1.0638,.255856,517.8,.05827,-.576334085103396,.742854678110203
Native,Grasmere,GR55, , , , , , , , , , , 
Native,Grasmere,GR55, , , , , , , , , , , 
Native,Grasmere,GR55, , , , , , , , , , , 
Native,Grasmere,GR55, , , , , , , , , , , 
Native,Grasmere,GR55,221,5.796,.016854,22100,579.6,1.6854,.272414,579.6,.52473,.480564386822487,1.51670971831219
Native,Grasmere,GR55,333,5.666,.016216,33300,566.6,1.6216,.258275,566.6,.48243,-.954408229427561,1.31956658133989
Native,Grasmere,GR55,338,6.134,.041096,33800,613.4,4.1096,.257775,613.4,1.41342,-2.39984488347684,1.54999629284125
Native,Grasmere,GR55,382,5.786,.022059,38200,578.6,2.2059,.253707,578.6,.79299,-1.90295184325597,1.33443172365536
Native,Grasmere,GR57, , ,.039474, , ,3.9474, , ,1.37372, , 
Native,Grasmere,GR57, , , , , , , , , , , 
Native,Grasmere,GR57, , , , , , , , , , , 
Native,Grasmere,GR57, , , , , , , , , , , 
Native,Grasmere,GR57,240,5.128,.024793,24000,512.8,2.4793,.269509,512.8,.90826,-.400898458019263,.133859433409726
Native,Grasmere,GR57,241,5.582,.042254,24100,558.2,4.2254,.269363,558.2,1.4422,-1.21496757988841,.584633527588302
Native,Grasmere,GR57,275,5.388,.01875,27500,538.8,1.875,.264781,538.8,.63127,-.487615359641065,.750699512301431
Native,Grasmere,GR57,320,5.366,.021277,32000,536.6,2.1277,.259615,536.6,.75612,-1.22176511643807,.636087386501715
Native,Grasmere,GR59, , ,.011364, , ,1.1364, , ,.13103, , 
Native,Grasmere,GR59, , , , , , , , , , , 
Native,Grasmere,GR59, , , , , , , , , , , 
Native,Grasmere,GR59, , , , , , , , , , , 
Native,Grasmere,GR59, , , , , , , , , , , 
Native,Grasmere,GR59, , , , , , , , , , , 
Native,Grasmere,GR59,175,3.434,.017857,17500,343.4,1.7857,.280805,343.4,.58222,1.28373081332771,-2.57365120293584
Native,Grasmere,GR59,182,5.919,.016854,18200,591.9,1.6854,.279377,591.9,.52473,1.21839884787784,1.72787065026849
Native,Grasmere,GR59,199,4.869,.024194,19900,486.9,2.4194,.276153,486.9,.88377,.339762127378354,-.295706985389783
Native,Grasmere,GR59,231,5.721,.024194,23100,572.1,2.4194,.270851,572.1,.88377,-.222064429065056,1.16696873840512
Native,Grasmere,GR59,272,5.212,.032967,27200,521.2,3.2967,.265159,521.2,1.19392,-1.2890995048541,.102246992829981
Native,Grasmere,GR60, , ,.02459, , ,2.459, , ,.90016, , 
Native,Grasmere,GR60, , ,.026549, , ,2.6549, , ,.97456, , 
Native,Grasmere,GR60, , ,.027027, , ,2.7027, , ,.99325, , 
Native,Grasmere,GR60,182,5.602,.026549,18200,560.2,2.6549,.279377,560.2,.97456,.545601452898129,.906794798893277
Native,Grasmere,GR60,198,5.988,.026549,19800,598.8,2.6549,.276333,598.8,.97456,.223043920304062,1.56946243901632
Native,Grasmere,GR60,222,5.768,.028846,22200,576.8,2.8846,.272254,576.8,1.05779,-.333672055469733,1.14054926832992
Native,Grasmere,GR60,287,6.145,.037975,28700,614.5,3.7975,.263315,614.5,1.335,-1.69550818225964,1.61714706414048
Native,Grasmere,GR60,467,5.848,.009146,46700,584.8,.9146,.247166,584.8,-.09431,-1.2689607598535,1.98699184047619
Native,Haupiri,HP125, , ,.022059, , ,2.2059, , ,.79299, , 
Native,Haupiri,HP125, , ,.039474, , ,3.9474, , ,1.37372, , 
Native,Haupiri,HP125, , , , , , , , , , , 
Native,Haupiri,HP125, , , , , , , , , , , 
Native,Haupiri,HP125, , , , , , , , , , , 
Native,Haupiri,HP125, , ,.024793, , ,2.4793, , ,.90826, , 
Native,Haupiri,HP125, , ,.042254, , ,4.2254, , ,1.4422, , 
Native,Haupiri,HP125,423,5.711,.008772,42300,571.1,.8772,.250366,571.1,-.12783,-.879737813299856,1.77242744221782
Native,Haupiri,HP126, , ,.021277, , ,2.1277, , ,.75612, , 
Native,Haupiri,HP126, , , , , , , , , , , 
Native,Haupiri,HP126, , ,.014706, , ,1.4706, , ,.38526, , 
Native,Haupiri,HP126, , , , , , , , , , , 
Native,Haupiri,HP126,149,5.14,.035294,14900,514,3.5294,.286738,514,1.2613,.896741476368671,-.0628308944508382
Native,Haupiri,HP126,336,5.453,.012658,33600,545.3,1.2658,.257974,545.3,.23902,-.622242580933605,1.10371324723337
Native,Haupiri,HP126,406,5.179, ,40600,517.9, ,.251705,517.9, , , 
Native,Haupiri,HP126,628,4.85,.005848,62800,485,.5848,.237829,485,-.54473,-1.58467634703649,.550897288120305
Native,Haupiri,HP129, , , , , , , , , , , 
Native,Haupiri,HP129, , ,.024194, , ,2.4194, , ,.88377, , 
Native,Haupiri,HP129, , ,.0375, , ,3.75, , ,1.32176, , 
Native,Haupiri,HP129, , ,.032967, , ,3.2967, , ,1.19392, , 
Native,Haupiri,HP129,171,5.115,.030928,17100,511.5,3.0928,.28165,511.5,1.12817,.556710029150233,-.0238100500677588
Native,Haupiri,HP129,187, , ,18700, , ,.278394, , , , 
Native,Haupiri,HP129,286,4.2,.022059,28600,420,2.2059,.263434,420,.79299,-.872230056284065,-1.38834256969993
Native,Haupiri,HP129,324,4.471,.022059,32400,447.1,2.2059,.259197,447.1,.79299,-1.32120386232909,-.923101817178316
Native,Heron,HR61, , ,.026549, , ,2.6549, , ,.97456, , 
Native,Heron,HR61, , ,.028846, , ,2.8846, , ,1.05779, , 
Native,Heron,HR61, , ,.037975, , ,3.7975, , ,1.335, , 
Native,Heron,HR61, , ,.009146, , ,.9146, , ,-.09431, , 
Native,Heron,HR61,240,4.686,.021898,24000,468.6,2.1898,.269509,468.6,.7839,-.214896892895376,-.548404601814812
Native,Heron,HR61,250,4.731,.013889,25000,473.1,1.3889,.268082,473.1,.3293,.313822760637641,-.191350387354274
Native,Heron,HR61,262,4.721,.025424,26200,472.1,2.5424,.266453,472.1,.93216,-.760474092340973,-.579570203232093
Native,Heron,HR61,306,5.027,.023622,30600,502.7,2.3622,.26113,502.7,.85866,-1.21459414332504,-.00900474049007639
Native,Heron,HR61,308,4.405,.012876,30800,440.5,1.2876,.260909,440.5,.25464,-.334597606855967,-.70506046417506
Native,Heron,HR61,335,4.584,.014151,33500,458.4,1.4151,.258074,458.4,.35066,-.778622716779962,-.45686024646154
Native,Heron,HR61,338,5.592,.011152,33800,559.2,1.1152,.257775,559.2,.11333,-.455338813985765,1.41970278047943
Native,Heron,HR62, , , , , , , , , , , 
Native,Heron,HR62, , ,.026549, , ,2.6549, , ,.97456, , 
Native,Heron,HR62,142,5.02,.041096,14200,502,4.1096,.288538,502,1.41342,.859957145166825,-.362469383576028
Native,Heron,HR62,161,5.051,.030303,16100,505.1,3.0303,.283866,505.1,1.10856,.820858617624192,-.121612712395923
Native,Heron,HR62,163, ,.02,16300, ,2,.28341, ,.69315,1.39385498817197, 
Native,Heron,HR62,210,3.645,.035294,21000,364.5,3.5294,.274228,364.5,1.2613,-.428880971972911,-2.62938043326936
Native,Heron,HR62,254,4.327,.02,25400,432.7,2,.267529,432.7,.69315,-.288975555562057,-1.10886443197173
Native,Heron,HR62,282,4.466,.02459,28200,446.6,2.459,.263917,446.6,.90016,-.98133994151775,-.997647295379058
Native,Heron,HR64, , , , , , , , , , , 
Native,Heron,HR64, , , , , , , , , , , 
Native,Heron,HR64, , , , , , , , , , , 
Native,Heron,HR64,201,5.215,.02381,20100,521.5,2.381,.275794,521.5,.8671,.326653508604671,.308550594823029
Native,Heron,HR64,229,5.816,.019608,22900,581.6,1.9608,.271157,581.6,.67294,.125693048797547,1.45982355806023
Native,Heron,HR64,250,5.568,.022388,25000,556.8,2.2388,.268082,556.8,.80648,-.399881218502071,.951876100554858
Native,Heron,HR64,334,6.103,.019608,33400,610.3,1.9608,.258174,610.3,.67294,-1.25005085582426,1.95253239929161
Native,Heron,HR64,334,6.046,.019608,33400,604.6,1.9608,.258174,604.6,.67294,-1.25005085582426,1.85467733326308
Native,Heron,HR64,423,4.993,.012658,42300,499.3,1.2658,.250366,499.3,.23902,-1.42842448237108,.31400569682767
Native,Heron,HR65, , ,.032609, , ,3.2609, , ,1.18173, , 
Native,Heron,HR65,252,5.474,.025,25200,547.4,2.5,.267805,547.4,.91629,-.593473091592863,.722914494243702
Native,Heron,HR65,317,4.888,.02,31700,488.8,2,.259934,488.8,.69315,-1.0937799116895,-.145764571585653
Native,Heron,HR65,332,5.323,.019481,33200,532.3,1.9481,.258376,532.3,.66783,-1.22100304550206,.616608211290881
Native,Heron,HR66, , , , , , , , , , , 
Native,Heron,HR66, , , , , , , , , , , 
Native,Heron,HR66, , ,.0375, , ,3.75, , ,1.32176, , 
Native,Heron,HR66, , , , , , , , , , , 
Native,Heron,HR66, , ,.030928, , ,3.0928, , ,1.12817, , 
Native,Heron,HR66, , , , , , , , , , , 
Native,Heron,HR66, , ,.022059, , ,2.2059, , ,.79299, , 
Native,Heron,HR66,350, ,.009119,35000, ,.9119,.256609, ,-.09431,-.268333039654492, 
Native,Heron,HR66,350,4.048,.015152,35000,404.8,1.5152,.256609,404.8,.41871,-1.03564184425288,-1.41892508235723
Native,Heron,HR67, , , , , , , , , , , 
Native,Heron,HR67, , , , , , , , , , , 
Native,Heron,HR67, , , , , , , , , , , 
Native,Heron,HR67, , ,.021898, , ,2.1898, , ,.7839, , 
Native,Heron,HR67,218,6.106,.025,21800,610.6,2.5,.272898,610.6,.91629,-.0537932251337391,1.80790399827936
Native,Heron,HR67,266,5.063,.017964,26600,506.3,1.7964,.265929,506.3,.58779,-.300935765306156,.21951531838403
Native,Heron,HR67,288,5.654,.017647,28800,565.4,1.7647,.263196,565.4,.56531,-.556915505943502,1.2479539841955
Native,Heron,HR68, , ,.012876, , ,1.2876, , ,.25464, , 
Native,Heron,HR68, , ,.014151, , ,1.4151, , ,.35066, , 
Native,Heron,HR68, , ,.011152, , ,1.1152, , ,.11333, , 
Native,Heron,HR68, , , , , , , , , , , 
Native,Heron,HR68, , ,.026549, , ,2.6549, , ,.97456, , 
Native,Heron,HR68, , ,.041096, , ,4.1096, , ,1.41342, , 
Native,Heron,HR68,335,5.504,.030303,33500,550.4,3.0303,.258074,550.4,1.10856,-1.91219127746983,.656077549199253
Native,Heron,HR68,538,4.412,.00885,53800,441.2,.885,.24266,441.2,-.11653,-1.71320536206561,-.464593008650263
Native,Heron,HR69,683,4.921,.008197,68300,492.1,.8197,.235248,492.1,-.19845,-2.37609280349473,.459656226891202
Native,Heron,HR70, , ,.02, , ,2, , ,.69315, , 
Native,Heron,HR70, , ,.02459, , ,2.459, , ,.90016, , 
Native,Heron,HR70, , , , , , , , , , , 
Native,Heron,HR70, , , , , , , , , , , 
Native,Heron,HR70, , , , , , , , , , , 
Native,Heron,HR70, , ,.021277, , ,2.1277, , ,.75612, , 
Native,Heron,HR70,187, ,.019608,18700, ,1.9608,.278394, ,.67294,.892561926387319, 
Native,Heron,HR70,215,5.113,.021277,21500,511.3,2.1277,.27339,511.3,.75612,.237903087071557,.201748233778581
Native,Heron,HR72, , ,.019608, , ,1.9608, , ,.67294, , 
Native,Heron,HR72, , ,.019608, , ,1.9608, , ,.67294, , 
Native,Heron,HR72, , ,.012658, , ,1.2658, , ,.23902, , 
Native,Heron,HR72, , ,.032609, , ,3.2609, , ,1.18173, , 
Native,Heron,HR72,178,5.493,.030928,17800,549.3,3.0928,.280185,549.3,1.12817,.40147126921255,.625123545700401
Native,Heron,HR72,341,5.34,.014151,34100,534,1.4151,.257479,534,.35066,-.841671905969671,.841006945074781
Native,Heron,HR72,353,5.407,.014354,35300,540.7,1.4354,.256324,540.7,.36464,-.984970980052126,.947425063675818
Native,Heron,HR72,361,5.288,.033333,36100,528.8,3.3333,.255578,528.8,1.20297,-2.31788621504061,.227150260339878
Native,Heron,HR72,380,4.949,.02027,38000,494.9,2.027,.25388,494.9,.70804,-1.75756269762594,-.050207079069999
Native,Heron,HR73, , , , , , , , , , , 
Native,Heron,HR73, , , , , , , , , , , 
Native,Heron,HR73, , , , , , , , , , , 
Native,Heron,HR73, , , , , , , , , , , 
Native,Heron,HR73, , , , , , , , , , , 
Native,Heron,HR73, , ,.009119, , ,.9119, , ,-.09431, , 
Native,Heron,HR73,210,4.781,.030303,21000,478.1,3.0303,.274228,478.1,1.10856,-.200432282225223,-.58513670937318
Native,Heron,HR73,236,4.503,.023622,23600,450.3,2.3622,.270098,450.3,.85866,-.264299809453949,-.908584645734827
Native,Heron,HR73,254,4.67,.016216,25400,467,1.6216,.267529,467,.48243,.0261921012641323,-.390321940842887
Native,Heron,HR73,305,4.313,.014085,30500,431.3,1.4085,.261241,431.3,.34359,-.432457096855441,-.917749508618445
Native,Heron,HR73,334,4.885,.013043,33400,488.5,1.3043,.258174,488.5,.26236,-.635958522207627,.114230640453688
Native,Heron,HR74, , ,.025, , ,2.5, , ,.91629, , 
Native,Heron,HR74, , ,.017964, , ,1.7964, , ,.58779, , 
Native,Heron,HR74, , ,.017647, , ,1.7647, , ,.56531, , 
Native,Heron,HR74, , , , , , , , , , , 
Native,Heron,HR74, , , , , , , , , , , 
Native,Heron,HR74, , , , , , , , , , , 
Native,Heron,HR74, , , , , , , , , , , 
Native,Heron,HR74,301,4.272, ,30100,427.2, ,.26169,427.2, , , 
Native,Heron,HR75, , , , , , , , , , , 
Native,Heron,HR75, , , , , , , , , , , 
Native,Heron,HR75, , ,.00885, , ,.885, , ,-.11653, , 
Native,Heron,HR75, , ,.008197, , ,.8197, , ,-.19845, , 
Native,Heron,HR75, , , , , , , , , , , 
Native,Heron,HR75,231, ,.019108,23100, ,1.9108,.270851, ,.6471,.131915873426657, 
Native,Heron,HR75,236,5.265,.018987,23600,526.5,1.8987,.270098,526.5,.64185,.0599764798232259,.533026731963422
Native,Heron,HR75,350,4.509,.034483,35000,450.9,3.4483,.256609,450.9,1.23837,-2.26158300595633,-1.13199053487101
Native,Heron,HR76, , ,.016216, , ,1.6216, , ,.48243, , 
Native,Heron,HR76, , ,.021277, , ,2.1277, , ,.75612, , 
Native,Heron,HR76,245,5.657,.018293,24500,565.7,1.8293,.268787,565.7,.60432,-.0228111580862519,1.22909411799585
Native,Heron,HR77, , ,.021277, , ,2.1277, , ,.75612, , 
Native,Heron,HR77, , , , , , , , , , , 
Native,Heron,HR77, , , , , , , , , , , 
Native,Heron,HR77, , , , , , , , , , , 
Native,Heron,HR77, , , , , , , , , , , 
Native,Heron,HR77,210, ,.018405,21000, ,1.8405,.274228, ,.60977,.545593133247131, 
Native,Heron,HR78, , ,.014151, , ,1.4151, , ,.35066, , 
Native,Heron,HR78, , ,.014354, , ,1.4354, , ,.36464, , 
Native,Heron,HR78, , ,.033333, , ,3.3333, , ,1.20297, , 
Native,Heron,HR78, , ,.02027, , ,2.027, , ,.70804, , 
Native,Heron,HR78, , , , , , , , , , , 
Native,Heron,HR78, , , , , , , , , , , 
Native,Heron,HR78, , , , , , , , , , , 
Native,Heron,HR78, , , , , , , , , , , 
Native,Heron,HR78, , , , , , , , , , , 
Native,Heron,HR78, , , , , , , , , , , 
Native,Heron,HR78, , ,.030303, , ,3.0303, , ,1.10856, , 
Native,Heron,HR78, , ,.023622, , ,2.3622, , ,.85866, , 
Native,Heron,HR78, , ,.016216, , ,1.6216, , ,.48243, , 
Native,Heron,HR78, , ,.014085, , ,1.4085, , ,.34359, , 
Native,Heron,HR78,219,5.08,.025862,21900,508,2.5862,.272736,508,.95166,-.12386141938982,.0247430482099315
Native,Heron,HR79, , , , , , , , , , , 
Native,Heron,HR79, , , , , , , , , , , 
Native,Heron,HR79, , , , , , , , , , , 
Native,Heron,HR79, , , , , , , , , , , 
Native,Heron,HR79, , , , , , , , , , , 
Native,Heron,HR79, , , , , , , , , , , 
Native,Heron,HR79,196,5.318,.022727,19600,531.8,2.2727,.276698,531.8,.81978,.493221011276886,.514501242491585
Native,Heron,HR79,259,4.467,.017241,25900,446.7,1.7241,.266852,446.7,.54232,-.135121917334252,-.775684809692078
Native,Heron,HR80, , , , , , , , , , , 
Native,Heron,HR80, , , , , , , , , , , 
Native,Heron,HR80, , , , , , , , , , , 
Native,Heron,HR80, , , , , , , , , , , 
Native,Heron,HR80, , , , , , , , , , , 
Native,Heron,HR80,196,5.127,.026549,19600,512.7,2.6549,.276698,512.7,.97456,.261721154008673,.0913359153221758
Native,Heron,HR80,203,4.843,.022222,20300,484.3,2.2222,.275439,484.3,.79751,.393119625017692,-.287250754173982
Native,Heron,HR80,224,4.906,.026786,22400,490.6,2.6786,.271937,490.6,.98582,-.259619572709866,-.294997439261014
Native,Heron,HR80,224,5.417,.025424,22400,541.7,2.5424,.271937,541.7,.93216,-.179361901557181,.615291655642615
Native,Kaniere0,KN141, , , , , , , , , , , 
Native,Kaniere0,KN141, , ,.018293, , ,1.8293, , ,.60432, , 
Native,Kaniere0,KN141,177,5.122,.028302,17700,512.2,2.8302,.280391,512.2,1.04028,.554754531467986,.0423023572936091
Native,Kaniere0,KN141,198,5.565,.031915,19800,556.5,3.1915,.276333,556.5,1.16002,-.0543431034003086,.729126696221627
Native,Kaniere0,KN141,210,5.375,.023622,21000,537.5,2.3622,.274228,537.5,.85866,.173335739039319,.588426188947278
Native,Kaniere0,KN141,223,5.903,.021277,22300,590.3,2.1277,.272095,590.3,.75612,.10067838118807,1.55798511382315
Native,Kaniere0,KN141,224,5.28,.017143,22400,528,1.7143,.271937,528,.53649,.412429987093244,.623625734835472
Native,Kaniere0,KN141,226,5.159,.020548,22600,515.9,2.0548,.271623,515.9,.71784,.10791715105218,.304279816423273
Native,Kaniere0,KN141,243,5.564,.016575,24300,556.4,1.6575,.269074,556.4,.50682,.153428663195138,1.12944579728681
Native,Kaniere0,KN181, , , , , , , , , , , 
Native,Kaniere0,KN181, , , , , , , , , , , 
Native,Kaniere0,KN181,238,5.4,.016949,23800,540,1.6949,.269802,540,.52473,.203783744530862,.836874522745543
Native,Kaniere0,KN181,240,4.674,.016304,24000,467.4,1.6304,.269509,467.4,.48858,.226804475811483,-.387240161344791
Native,Kaniere0,KN181,243,4.852,.017544,24300,485.2,1.7544,.269074,485.2,.55962,.0744572685462076,-.125381843544727
Native,Kaniere0,KN181,244,5.465,.017045,24400,546.5,1.7045,.26893,546.5,.53063,.102557788651316,.944832262103244
Native,Kaniere0,KN181,259,5.408,.014634,25900,540.8,1.4634,.266852,540.8,.37844,.109988540148077,.940648103939694
Native,Kaniere0,KN181,285,5.713,.012931,28500,571.3,1.2931,.263554,571.3,.25464,-.0543201187773497,1.5404557878481
Native,Kaniere0,KN181,292,5.359, ,29200,535.9, ,.262724,535.9, , , 
Native,Kaniere0,KN181,306,5.453,.011858,30600,545.3,1.1858,.26113,545.3,.17395,-.190493695785847,1.14376296124069
Native,Okareka0,OK1-160, , , , , , , , , , , 
Native,Okareka0,OK1-160, , , , , , , , , , , 
Native,Okareka0,OK1-160,190,4.318,.018634,19000,431.8,1.8634,.277819,431.8,.62058,.9099453373681,-1.07964936825469
Native,Okareka0,OK1-160,204,4.921,.025862,20400,492.1,2.5862,.275263,492.1,.95166,.143912195874704,-.248221083343342
Native,Okareka0,OK1-160,235,4.302,.020979,23500,430.2,2.0979,.270247,430.2,.74194,-.0739363772751169,-1.18181291250355
Native,Okareka0,OK1-160,241,4.581,.024793,24100,458.1,2.4793,.269363,458.1,.90826,-.416369351501105,-.805205849355309
Native,Okareka0,OK2-161, , , , , , , , , , , 
Native,Okareka0,OK2-161, , , , , , , , , , , 
Native,Okareka0,OK2-161, , , , , , , , , , , 
Native,Okareka0,OK2-161, , , , , , , , , , , 
Native,Okareka0,OK2-161, , ,.022727, , ,2.2727, , ,.81978, , 
Native,Okareka0,OK2-161, , ,.017241, , ,1.7241, , ,.54232, , 
Native,Okareka0,OK2-161,175,4.57,.02459,17500,457,2.459,.280805,457,.90016,.808197381231468,-.819104718765597
Native,Okareka0,OK2-161,200,4.803,.02459,20000,480.3,2.459,.275973,480.3,.90016,.296174385996732,-.419100676929667
Native,Okareka0,OK5-162, , , , , , , , , , , 
Native,Okareka0,OK5-162, , , , , , , , , , , 
Native,Okareka0,OK5-162, , , , , , , , , , , 
Native,Okareka0,OK5-162, , ,.026549, , ,2.6549, , ,.97456, , 
Native,Okareka0,OK5-162, , ,.022222, , ,2.2222, , ,.79751, , 
Native,Okareka0,OK5-162, , ,.026786, , ,2.6786, , ,.98582, , 
Native,Okareka0,OK5-162,280,4.48,.029703,28000,448,2.9703,.264161,448,1.08856,-1.23726877024155,-1.08957039593505
Native,Okareka0,OK5-162,352,4.712,.016393,35200,471.2,1.6393,.256419,471.2,.4947,-1.16943118892366,-.325770228740013
Native,Okareka0,OK8-163, , ,.019481, , ,1.9481, , ,.66783, , 
Native,Okareka0,OK8-163, , ,.028302, , ,2.8302, , ,1.04028, , 
Native,Okareka0,OK8-163, , ,.031915, , ,3.1915, , ,1.16002, , 
Native,Okareka0,OK8-163, , ,.023622, , ,2.3622, , ,.85866, , 
Native,Okareka0,OK8-163, , ,.021277, , ,2.1277, , ,.75612, , 
Native,Okareka0,OK8-163, , ,.017143, , ,1.7143, , ,.53649, , 
Native,Okareka0,OK8-163,286, ,.038462,28600, ,3.8462,.263434, ,1.34807,-1.70244675593802, 
Native,Okareka0,OK8-163,294, ,.016575,29400, ,1.6575,.262491, ,.50682,-.544139088797881, 
Native,Okareka0,OK8-163,313, ,.019355,31300, ,1.9355,.260363, ,.66269,-1.00276279750015, 
Native,Poerua02,PO2-167, , , , , , , , , , , 
Native,Poerua02,PO2-167, , ,.016949, , ,1.6949, , ,.52473, , 
Native,Poerua02,PO2-167, , ,.016304, , ,1.6304, , ,.48858, , 
Native,Poerua02,PO2-167, , ,.017544, , ,1.7544, , ,.55962, , 
Native,Poerua02,PO2-167, , ,.017045, , ,1.7045, , ,.53063, , 
Native,Poerua02,PO2-167,217,4.298,.018519,21700,429.8,1.8519,.273061,429.8,.61519,.413825417101882,-1.11066700628959
Native,Poerua02,PO2-167,303,5.941,.022388,30300,594.1,2.2388,.261464,594.1,.80648,-1.10115774632978,1.59222591860122
Native,Poerua02,PO2-167,305,5.622,.017544,30500,562.2,1.7544,.261241,562.2,.55962,-.755566763257119,1.19651992561264
Native,Poerua03,PO3-168, , ,.011858, , ,1.1858, , ,.17395, , 
Native,Poerua03,PO3-168, , , , , , , , , , , 
Native,Poerua03,PO3-168, , , , , , , , , , , 
Native,Poerua03,PO3-168, , ,.018634, , ,1.8634, , ,.62058, , 
Native,Poerua03,PO3-168, , , , , , , , , , , 
Native,Poerua03,PO3-168, , ,.020979, , ,2.0979, , ,.74194, , 
Native,Poerua03,PO3-168, , ,.024793, , ,2.4793, , ,.90826, , 
Native,Poerua03,PO3-168,225,4.403,.017544,22500,440.3,1.7544,.271779,440.3,.55962,.36109265805572,-.896205082962462
Native,Poerua92,PO92-188, , , , , , , , , , , 
Native,Poerua92,PO92-188,176,6.054, ,17600,605.4, ,.280597,605.4, , , 
Native,Poerua92,PO92-188,236,4.339,.018293,23600,433.9,1.8293,.270098,433.9,.60432,.116108988178802,-1.03358968947091
Native,Poerua92,PO92-188,255,4.642,.016575,25500,464.2,1.6575,.267393,464.2,.50682,-.0246985418937665,-.453402814613305
Native,Poerua92,PO92-188,261,3.855,.017544,26100,385.5,1.7544,.266586,385.5,.55962,-.189183710788233,-1.83698712127186
Native,Poerua92,PO92-188,312, ,.016216,31200, ,1.6216,.260471, ,.48243,-.721709037056805, 
Native,Poerua92,PO92-188,320,5.388,.02459,32000,538.8,2.459,.259615,538.8,.90016,-1.43720147411292,.585201316521056
Native,Poerua95,PO92-188,188,5.276,.025424,18800,527.6,2.5424,.278202,527.6,.93216,.484508972852097,.373229123887825
Native,Poerua95,PO95-189, , , , , , , , , , , 
Native,Poerua95,PO95-189, , , , , , , , , , , 
Native,Poerua95,PO95-189,164,6.399,.028846,16400,639.9,2.8846,.283185,639.9,1.05779,.824631620215471,2.22382201682122
Native,Poerua95,PO95-189,184,5.161,.027778,18400,516.1,2.7778,.27898,516.1,1.02245,.431905685215657,.120229949860687
Native,Poerua95,PO95-189,192,4.734,.022388,19200,473.4,2.2388,.277441,473.4,.80648,.591845439693685,-.479898023441559
Native,Poerua95,PO95-189,211,6.056,.025,21100,605.6,2.5,.274059,605.6,.91629,.0692321675540796,1.72206622106135
Native,Poerua95,PO95-189,218,5.697,.02,21800,569.7,2,.272898,569.7,.69315,.279950657479183,1.24309066380176
Native,Poerua95,PO95-189,289,5.486,.022388,28900,548.6,2.2388,.263077,548.6,.80648,-.930236162862551,.811102145917321
Native,Rotoiti0,RI3-164, , , , , , , , , , , 
Native,Rotoiti0,RI3-164, , , , , , , , , , , 
Native,Rotoiti0,RI3-164, , , , , , , , , , , 
Native,Rotoiti0,RI3-164, ,4.169, , ,416.9, , ,416.9, , , 
Native,Rotoiti0,RI3-164,294, , ,29400, , ,.262491, , , , 
Native,Rotoiti0,RI3-164,312,4.182,.013216,31200,418.2,1.3216,.260471,418.2,.27763,-.415395748721555,-1.10204698783538
Native,Rotoiti0,RI3-164,315,4.299,.019355,31500,429.9,1.9355,.260147,429.9,.66269,-1.02565124265137,-1.1381858649353
Native,Rotoiti0,RI3-164,346,4.59,.013889,34600,459,1.3889,.256992,459,.3293,-.861329353839431,-.433412919109065
Native,Rotoiti0,RI4-171, , ,.029126, , ,2.9126, , ,1.06815, , 
Native,RotoroaS,RS83, , , , , , , , , , , 
Native,RotoroaS,RS83, , , , , , , , , , , 
Native,RotoroaS,RS83, , , , , , , , , , , 
Native,RotoroaS,RS83, , , , , , , , , , , 
Native,RotoroaS,RS83, , ,.019108, , ,1.9108, , ,.6471, , 
Native,RotoroaS,RS83,338,4.981,.016854,33800,498.1,1.6854,.257775,498.1,.52473,-1.07065759729202,.117553949658615
Native,RotoroaS,RS83,348,5.045,.013761,34800,504.5,1.3761,.2568,504.5,.32208,-.870875898468195,.352154666931723
Native,RotoroaS,RS83,350,4.045,.011538,35000,404.5,1.1538,.256609,404.5,.13976,-.618424599227887,-1.25238535786779
Native,RotoroaS,RS88, , ,.007752, , ,.7752, , ,-.24846, , 
Native,RotoroaS,RS88, , , , , , , , , , , 
Native,RotoroaS,RS88, , , , , , , , , , , 
Native,RotoroaS,RS88, , , , , , , , , , , 
Native,RotoroaS,RS88, , , , , , , , , , , 
Native,RotoroaS,RS88, , , , , , , , , , , 
Native,RotoroaS,RS88,252,5.237,.015625,25200,523.7,1.5625,.267805,523.7,.44469,.111885046975999,.606306917641634
Native,RotoroaS,RS88,320,4.61,.016575,32000,461,1.6575,.259615,461,.50682,-.848894497385442,-.508338992032832
Native,RotoroaS,RS97, , ,.018293, , ,1.8293, , ,.60432, , 
Native,RotoroaS,RS97, , ,.016575, , ,1.6575, , ,.50682, , 
Native,RotoroaS,RS97, , ,.017544, , ,1.7544, , ,.55962, , 
Native,RotoroaS,RS97,248,4.651,.019608,24800,465.1,1.9608,.268362,465.1,.67294,-.170479192858306,-.540196651119417
Native,RotoroaS,RS97,249,5.543,.019108,24900,554.3,1.9108,.268222,554.3,.6471,-.146666174270387,1.00705346856929
Native,RotoroaS,RS97,263,4.694, ,26300,469.4, ,.266321,469.4, , , 
Native,RotoroaS,RS97,273,4.889,.016304,27300,488.9,1.6304,.265032,488.9,.48858,-.247600935957125,-.0181377193073456
Native,RotoroaS,RS97,359,4.596,.015075,35900,459.6,1.5075,.255763,459.6,.41211,-1.11541683009737,-.474080832391948
Native,RotoroaS,RS98, , ,.027778, , ,2.7778, , ,1.02245, , 
Native,RotoroaS,RS98, , ,.025424, , ,2.5424, , ,.93216, , 
Native,RotoroaS,RS98, , ,.022388, , ,2.2388, , ,.80648, , 
Native,RotoroaS,RS98, , ,.025, , ,2.5, , ,.91629, , 
Native,RotoroaS,RS98, , ,.02, , ,2, , ,.69315, , 
Native,RotoroaS,RS98, , ,.022388, , ,2.2388, , ,.80648, , 
Native,RotoroaS,RS98,322,4.947,.018182,32200,494.7,1.8182,.259405,494.7,.59884,-1.00877873829498,.0135705481477136
Native,RotoroaS,RS98,334,4.2,.015385,33400,420,1.5385,.258174,420,.43178,-.889354993446676,-1.16602264966635
Native,Selfe,S103, , , , , , , , , , , 
Native,Selfe,S103, , , , , , , , , , , 
Native,Selfe,S103, , , , , , , , , , , 
Native,Selfe,S103, , ,.013216, , ,1.3216, , ,.27763, , 
Native,Selfe,S103,212,4.905,.014493,21200,490.5,1.4493,.27389,490.5,.37156,.866060590022065,.0813546130344585
Native,Selfe,S103,217,4.673,.014778,21700,467.3,1.4778,.273061,467.3,.39204,.747584256418339,-.329537839122639
Native,Selfe,S103,218,4.728,.022388,21800,472.8,2.2388,.272898,472.8,.80648,.110446336351092,-.49019855670772
Native,Selfe,S103,252,4.258,.013333,25200,425.8,1.3333,.267805,425.8,.28518,.350459425014841,-.976220490403689
Native,Selfe,S103,320,4.949,.027778,32000,494.9,2.7778,.259615,494.9,1.02245,-1.62010700160567,-.243722225543679
Native,Selfe,S103,350,5.053,.010204,35000,505.3,1.0204,.256609,505.3,.0198,-.439003983658081,.551938005126061
Native,Selfe,S109, , , , , , , , , , , 
Native,Selfe,S109,177,4.343,.027778,17700,434.3,2.7778,.280391,434.3,1.02245,.581422333865534,-1.28407608542597
Native,Selfe,S109,179,5.071,.016854,17900,507.1,1.6854,.279981,507.1,.52473,1.28240172228218,.272061948651034
Native,Selfe,S109,182,4.883,.013761,18200,488.3,1.3761,.279377,488.3,.32208,1.52149644495371,.0740402687453688
Native,Selfe,S109,197,4.366,.011538,19700,436.6,1.1538,.276515,436.6,.13976,1.49091516549535,-.701306828128157
Native,Selfe,S109,205, ,.007752,20500, ,.7752,.275088, ,-.24846,1.92035222098299, 
Native,Selfe,S109,210,4.691, ,21000,469.1, ,.274228,469.1, , , 
Native,Selfe,S109,407,4.559,.012821,40700,455.9,1.2821,.251624,455.9,.24686,-1.30684653793906,-.435891624482562
Native,Selfe,S109,434,4.952,.026087,43400,495.2,2.6087,.249532,495.2,.95935,-2.59417553778067,-.199734753533895
Native,Selfe,S113, , , , , , , , , , , 
Native,Selfe,S113, , , , , , , , , , , 
Native,Selfe,S113, , ,.015625, , ,1.5625, , ,.44469, , 
Native,Selfe,S113, , ,.016575, , ,1.6575, , ,.50682, , 
Native,Selfe,S113, , ,.016216, , ,1.6216, , ,.48243, , 
Native,Selfe,S113, , , , , , , , , , , 
Native,Selfe,S113,642,4.233,.008043,64200,423.3,.8043,.237149,423.3,-.22314,-2.13772519213871,-.706275223115934
Native,Selfe,S115, , ,.013043, , ,1.3043, , ,.26236, , 
Native,Selfe,S115, , ,.019608, , ,1.9608, , ,.67294, , 
Native,Selfe,S115, , ,.019108, , ,1.9108, , ,.6471, , 
Native,Selfe,S115, , , , , , , , , , , 
Native,Selfe,S115,228,5.086,.016304,22800,508.6,1.6304,.271312,508.6,.48858,.417859413809875,.320063122931617
Native,Selfe,S115,297,4.774,.02381,29700,477.4,2.381,.262145,477.4,.8671,-1.11966310190007,-.448538600239825
Native,Selfe,S115,312,4.755,.021898,31200,475.5,2.1898,.260471,475.5,.7839,-1.17260877843584,-.429948469253957
Native,Selfe,S115,324,3.959,.026087,32400,395.9,2.6087,.259197,395.9,.95935,-1.57002358228735,-1.90447300908359
Native,Selfe,S115,595, ,.007634,59500, ,.7634,.239504, ,-.27444,-1.81144967185696, 
Native,Selfe,S116, , , , , , , , , , , 
Native,Selfe,S116, , , , , , , , , , , 
Native,Selfe,S116, , , , , , , , , , , 
Native,Selfe,S116, , ,.018182, , ,1.8182, , ,.59884, , 
Native,Selfe,S116, , ,.015385, , ,1.5385, , ,.43178, , 
Native,Selfe,S116, , , , , , , , , , , 
Native,Selfe,S116, , , , , , , , , , , 
Native,Selfe,S116,164, ,.019355,16400, ,1.9355,.283185, ,.66269,1.41557097676457, 
Native,Taupo04,TP4-150, , , , , , , , , , , 
Native,Taupo04,TP4-150, , ,.014493, , ,1.4493, , ,.37156, , 
Native,Taupo04,TP4-150, , ,.014778, , ,1.4778, , ,.39204, , 
Native,Taupo04,TP4-150, , ,.022388, , ,2.2388, , ,.80648, , 
Native,Taupo04,TP4-150, , ,.013333, , ,1.3333, , ,.28518, , 
Native,Taupo04,TP4-150, , ,.027778, , ,2.7778, , ,1.02245, , 
Native,Taupo04,TP4-150, , ,.010204, , ,1.0204, , ,.0198, , 
Native,Taupo04,TP4-150, , , , , , , , , , , 
Native,Taylor04,Ty4-149, , ,.027778, , ,2.7778, , ,1.02245, , 
Native,Taylor04,Ty4-149, , , , , , , , , , , 
Native,Taylor04,Ty4-149, , , , , , , , , , , 
Native,Taylor04,Ty4-149, , , , , , , , , , , 
Native,Taylor04,Ty4-149, , , , , , , , , , , 
Native,Taylor04,Ty4-149, , , , , , , , , , , 
Native,Taylor04,Ty4-149,158,4.456,.026549,15800,445.6,2.6549,.28456,445.6,.97456,1.0948181715036,-1.06060705494353
Native,Taylor04,Ty4-149,161,5.075,.032609,16100,507.5,3.2609,.283866,507.5,1.18173,.711420417880588,-.125445734916276
Native,Taylor04,Ty4-149,210,4.629,.023622,21000,462.9,2.3622,.274228,462.9,.85866,.173335739039319,-.692273447145441
Native,Waikarem,WK1-148, , , , , , , , , , , 
Native,Waikarem,WK1-148, , ,.026786, , ,2.6786, , ,.98582, , 
Native,Waikarem,WK1-148, , , , , , , , , , , 
Native,Waikarem,WK1-148,140,5.198,.027778,14000,519.8,2.7778,.28907,519.8,1.02245,1.50109277584448,.183749905002014
Native,Waikarem,WK1-148,153, ,.028571,15300, ,2.8571,.285753, ,1.05082,1.10717462381957, 
Native,Waikarem,WK1-148,197, ,.020979,19700, ,2.0979,.276515, ,.74194,.590252392205703, 
Native,Waikarem,WK1-148,200,4.916,.020979,20000,491.6,2.0979,.275973,491.6,.74194,.532819349279953,-.127725008266377
Native,Waikarem,WK1-148,234,4.646, ,23400,464.6, ,.270397,464.6, , , 
